batch,response_id,slot,original_filename,local_path,sha256,bytes,mime,bucket,storage_path,status,public_url,notes
1,1t5gelxstepyanqp40l1ty481ttihapp,front,79a6f883_e8b1_424b_8306_08bbbcac9576.jpeg,1t5gelxstepyanqp40l1ty481ttihapp/c96b7e754eed-79a6f883_e8b1_424b_8306_08bbbcac9576front.jpeg,7d272495504d0d7ff03122c14f868b062e9c719a5a207bf9080539d2aaaa24b5,130934,image/jpeg,photos,typeform-2024/1t5gelxstepyanqp40l1ty481ttihapp/front.jpeg,uploaded,https://xqooctihpvswvibnhsbj.supabase.co/storage/v1/object/public/photos/typeform-2024/1t5gelxstepyanqp40l1ty481ttihapp/front.jpeg,"slot front read from the name, agrees with the export"
1,1t5gelxstepyanqp40l1ty481ttihapp,rear,79a6f883_e8b1_424b_8306_08bbbcac9576.jpeg,1t5gelxstepyanqp40l1ty481ttihapp/e3ac75d62ec2-79a6f883_e8b1_424b_8306_08bbbcac9576rear.jpeg,7d272495504d0d7ff03122c14f868b062e9c719a5a207bf9080539d2aaaa24b5,130934,image/jpeg,photos,typeform-2024/1t5gelxstepyanqp40l1ty481ttihapp/rear.jpeg,uploaded,https://xqooctihpvswvibnhsbj.supabase.co/storage/v1/object/public/photos/typeform-2024/1t5gelxstepyanqp40l1ty481ttihapp/rear.jpeg,"slot rear read from the name, agrees with the export"
1,1t5gelxstepyanqp40l1ty481ttihapp,portrait,IMG_0488.jpeg,1t5gelxstepyanqp40l1ty481ttihapp/e6b874dafae5-IMG_0488.jpeg,4de43426f82d690774aac0c63cdec3836993d2dad7bedef3614defea2bd4925f,2536339,image/jpeg,photos,typeform-2024/1t5gelxstepyanqp40l1ty481ttihapp/portrait.jpeg,uploaded,https://xqooctihpvswvibnhsbj.supabase.co/storage/v1/object/public/photos/typeform-2024/1t5gelxstepyanqp40l1ty481ttihapp/portrait.jpeg,
1,1t5gelxstepyanqp40l1ty481ttihapp,cv,ALBERT.CV.pdf,1t5gelxstepyanqp40l1ty481ttihapp/ef094d2ad864-ALBERT.CV.pdf,ae463c717b8525cd4baa53fd35c20e4c7bcb633bc8204a4fd53082d3567c10dc,237274,application/pdf,cvs,typeform-2024/1t5gelxstepyanqp40l1ty481ttihapp/cv.pdf,uploaded,https://xqooctihpvswvibnhsbj.supabase.co/storage/v1/object/public/cvs/typeform-2024/1t5gelxstepyanqp40l1ty481ttihapp/cv.pdf,
1,3xtgw054yyq8tf8m3xtgivf8aqf9rzf4,portrait,A9BDE63A_0943_4D0A_BA2B_CFD6D47F96E9.jpeg,3xtgw054yyq8tf8m3xtgivf8aqf9rzf4/35a1151212f0-A9BDE63A_0943_4D0A_BA2B_CFD6D47F96E9.jpeg,3eac6610f4604d68efd379f9c43c34ce36482383cc865adf8e7d7ebcf89ef129,127174,image/jpeg,photos,typeform-2024/3xtgw054yyq8tf8m3xtgivf8aqf9rzf4/portrait.jpeg,uploaded,https://xqooctihpvswvibnhsbj.supabase.co/storage/v1/object/public/photos/typeform-2024/3xtgw054yyq8tf8m3xtgivf8aqf9rzf4/portrait.jpeg,
1,3xtgw054yyq8tf8m3xtgivf8aqf9rzf4,front,10F71A67_D7B6_4A40_A2EB_3B87F6F20C2C.jpeg,3xtgw054yyq8tf8m3xtgivf8aqf9rzf4/89dcce61d47d-10F71A67_D7B6_4A40_A2EB_3B87F6F20C2C.jpeg,e580adff173be3da58918caefb5e2998cb6e009e2a539211dc3fbdf9d62d6a56,193917,image/jpeg,photos,typeform-2024/3xtgw054yyq8tf8m3xtgivf8aqf9rzf4/front.jpeg,uploaded,https://xqooctihpvswvibnhsbj.supabase.co/storage/v1/object/public/photos/typeform-2024/3xtgw054yyq8tf8m3xtgivf8aqf9rzf4/front.jpeg,
1,3xtgw054yyq8tf8m3xtgivf8aqf9rzf4,rear,AAEF6116_59CB_4CA6_8C47_AA9638664AB2.jpeg,3xtgw054yyq8tf8m3xtgivf8aqf9rzf4/9745b9804cf4-AAEF6116_59CB_4CA6_8C47_AA9638664AB2.jpeg,0a9a9f418752c6c50b3a65ee1fe9966574c52a6d27ea1eb2b6563db5b97ecc1f,60803,image/jpeg,photos,typeform-2024/3xtgw054yyq8tf8m3xtgivf8aqf9rzf4/rear.jpeg,uploaded,https://xqooctihpvswvibnhsbj.supabase.co/storage/v1/object/public/photos/typeform-2024/3xtgw054yyq8tf8m3xtgivf8aqf9rzf4/rear.jpeg,
1,3xtgw054yyq8tf8m3xtgivf8aqf9rzf4,cv,CURRICULUM_VITAE___DENNIS_MODZAKA_1.pdf,3xtgw054yyq8tf8m3xtgivf8aqf9rzf4/f547a9682f09-CURRICULUM_VITAE___DENNIS_MODZAKA_1.pdf,9087a3097553367b69b022e5fb295a80e89a076031c5d9415979e65d77819503,597792,application/pdf,cvs,typeform-2024/3xtgw054yyq8tf8m3xtgivf8aqf9rzf4/cv.pdf,uploaded,https://xqooctihpvswvibnhsbj.supabase.co/storage/v1/object/public/cvs/typeform-2024/3xtgw054yyq8tf8m3xtgivf8aqf9rzf4/cv.pdf,
1,4o65yqal438vmp8exvrf4o65yqa6jt87,cv,trim.D4514734_6CF0_45B7_9E27_F3F3FE7E1A9C.MOV,4o65yqal438vmp8exvrf4o65yqa6jt87/21e2b3885387-trim.D4514734_6CF0_45B7_9E27_F3F3FE7E1A9C.MOV,c53290c5e0e2f2d19d797f2f3d07977e5e64297a9a6016cbd94fc92c5ce50126,4981309,video/quicktime,media,typeform-2024/4o65yqal438vmp8exvrf4o65yqa6jt87/cv.mov,uploaded,https://xqooctihpvswvibnhsbj.supabase.co/storage/v1/object/public/media/typeform-2024/4o65yqal438vmp8exvrf4o65yqa6jt87/cv.mov,"non-document in CV slot, routed to photos bucket"
1,4o65yqal438vmp8exvrf4o65yqa6jt87,front,0B88D3C7_E4C7_4166_AE35_C7077CFC72E1.jpeg,4o65yqal438vmp8exvrf4o65yqa6jt87/73e672a5e478-0B88D3C7_E4C7_4166_AE35_C7077CFC72E1.jpeg,f4908107b8bf68806e49b8e6d685bd3660e74b24ae52c3fd75306d9a738b97d3,274772,image/jpeg,photos,typeform-2024/4o65yqal438vmp8exvrf4o65yqa6jt87/front.jpeg,uploaded,https://xqooctihpvswvibnhsbj.supabase.co/storage/v1/object/public/photos/typeform-2024/4o65yqal438vmp8exvrf4o65yqa6jt87/front.jpeg,
1,4o65yqal438vmp8exvrf4o65yqa6jt87,portrait,870CEE59_E56F_4658_BF20_A62FEBCEE93E.jpeg,4o65yqal438vmp8exvrf4o65yqa6jt87/9dfec25a7da4-870CEE59_E56F_4658_BF20_A62FEBCEE93E.jpeg,f4908107b8bf68806e49b8e6d685bd3660e74b24ae52c3fd75306d9a738b97d3,274772,image/jpeg,photos,typeform-2024/4o65yqal438vmp8exvrf4o65yqa6jt87/portrait.jpeg,uploaded,https://xqooctihpvswvibnhsbj.supabase.co/storage/v1/object/public/photos/typeform-2024/4o65yqal438vmp8exvrf4o65yqa6jt87/portrait.jpeg,
1,4o65yqal438vmp8exvrf4o65yqa6jt87,rear,E6C83893_641C_420D_931E_18E1A620F9F8.jpeg,4o65yqal438vmp8exvrf4o65yqa6jt87/be26bc90a31b-E6C83893_641C_420D_931E_18E1A620F9F8.jpeg,f4908107b8bf68806e49b8e6d685bd3660e74b24ae52c3fd75306d9a738b97d3,274772,image/jpeg,photos,typeform-2024/4o65yqal438vmp8exvrf4o65yqa6jt87/rear.jpeg,uploaded,https://xqooctihpvswvibnhsbj.supabase.co/storage/v1/object/public/photos/typeform-2024/4o65yqal438vmp8exvrf4o65yqa6jt87/rear.jpeg,
1,4xidhyp88ksahapgl00hal84xidhyd80,front,IMG_2841.jpeg,4xidhyp88ksahapgl00hal84xidhyd80/91f227812940-IMG_2841.jpeg,7ba582f3d046f92c9f813898f40888f44be2edc6287d173c3802cb84343012b8,1666096,image/jpeg,photos,typeform-2024/4xidhyp88ksahapgl00hal84xidhyd80/front.jpeg,uploaded,https://xqooctihpvswvibnhsbj.supabase.co/storage/v1/object/public/photos/typeform-2024/4xidhyp88ksahapgl00hal84xidhyd80/front.jpeg,
1,4xidhyp88ksahapgl00hal84xidhyd80,rear,IMG_6198.jpeg,4xidhyp88ksahapgl00hal84xidhyd80/a69c972d039c-IMG_6198.jpeg,b09e22d7e855070eda7bad60861ad3e4780751aebee5c54af09a8d218c102dfb,29175,image/jpeg,photos,typeform-2024/4xidhyp88ksahapgl00hal84xidhyd80/rear.jpeg,uploaded,https://xqooctihpvswvibnhsbj.supabase.co/storage/v1/object/public/photos/typeform-2024/4xidhyp88ksahapgl00hal84xidhyd80/rear.jpeg,
1,4xidhyp88ksahapgl00hal84xidhyd80,cv,IMG_8177.jpeg,4xidhyp88ksahapgl00hal84xidhyd80/af2348f77c97-IMG_8177.jpeg,aeb61d20cd1134b3a61abcf9779187f8629bee0a2e9e957244eb34dc9b15407f,685715,image/jpeg,photos,typeform-2024/4xidhyp88ksahapgl00hal84xidhyd80/cv.jpeg,uploaded,https://xqooctihpvswvibnhsbj.supabase.co/storage/v1/object/public/photos/typeform-2024/4xidhyp88ksahapgl00hal84xidhyd80/cv.jpeg,"non-document in CV slot, routed to photos bucket"
1,4xidhyp88ksahapgl00hal84xidhyd80,portrait,70889ee6_20c6_4d92_84a4_b78a77ed9ae5.jpeg,4xidhyp88ksahapgl00hal84xidhyd80/c01aaf708fb0-70889ee6_20c6_4d92_84a4_b78a77ed9ae5.jpeg,4092b1af92c44feafc79e9d49d06fee2989083bef41358b5d71bd99d8974744a,47724,image/jpeg,photos,typeform-2024/4xidhyp88ksahapgl00hal84xidhyd80/portrait.jpeg,uploaded,https://xqooctihpvswvibnhsbj.supabase.co/storage/v1/object/public/photos/typeform-2024/4xidhyp88ksahapgl00hal84xidhyd80/portrait.jpeg,
1,69ii35xdmzp9snrxvkuuw69ii35ih3ax,portrait,Addi_Potrait_.jpeg,69ii35xdmzp9snrxvkuuw69ii35ih3ax/10a2bd77d9dc-Addi_Potrait_.jpeg,611e7b2edd9d91af4b21015bf3c3e1b1e46686710c6f0135c0623d5592104e25,108307,image/jpeg,photos,typeform-2024/69ii35xdmzp9snrxvkuuw69ii35ih3ax/portrait.jpeg,uploaded,https://xqooctihpvswvibnhsbj.supabase.co/storage/v1/object/public/photos/typeform-2024/69ii35xdmzp9snrxvkuuw69ii35ih3ax/portrait.jpeg,
1,69ii35xdmzp9snrxvkuuw69ii35ih3ax,rear,Addi_FRV.jpeg,69ii35xdmzp9snrxvkuuw69ii35ih3ax/5c934576552e-Addi_FRV.jpeg,cccf3f5c2a06feffaeeb7da9c2fa63c4c1c8cca2bb0ec6b340612b6705646d92,30236,image/jpeg,photos,typeform-2024/69ii35xdmzp9snrxvkuuw69ii35ih3ax/rear.jpeg,uploaded,https://xqooctihpvswvibnhsbj.supabase.co/storage/v1/object/public/photos/typeform-2024/69ii35xdmzp9snrxvkuuw69ii35ih3ax/rear.jpeg,
1,69ii35xdmzp9snrxvkuuw69ii35ih3ax,front,Addi_FFV.jpeg,69ii35xdmzp9snrxvkuuw69ii35ih3ax/c597e056aae7-Addi_FFV.jpeg,8abe1f420ac38a83dea191728081084eb1470ef80306f5ab0fef68f20c29f658,144984,image/jpeg,photos,typeform-2024/69ii35xdmzp9snrxvkuuw69ii35ih3ax/front.jpeg,uploaded,https://xqooctihpvswvibnhsbj.supabase.co/storage/v1/object/public/photos/typeform-2024/69ii35xdmzp9snrxvkuuw69ii35ih3ax/front.jpeg,
1,69ii35xdmzp9snrxvkuuw69ii35ih3ax,cv,Addi_CV.pdf,69ii35xdmzp9snrxvkuuw69ii35ih3ax/e612995d5c5b-Addi_CV.pdf,07220bc8a5a7ce25f3326493028d76f898ed1e6a113d5006a91e8991b37ad49c,368581,application/pdf,cvs,typeform-2024/69ii35xdmzp9snrxvkuuw69ii35ih3ax/cv.pdf,uploaded,https://xqooctihpvswvibnhsbj.supabase.co/storage/v1/object/public/cvs/typeform-2024/69ii35xdmzp9snrxvkuuw69ii35ih3ax/cv.pdf,
1,6s2to3cc3xnzhvp56s2toedk8a2mtc5k,front,F8546A82_6400_4952_AC41_A4F8DC57AB5B.jpeg,6s2to3cc3xnzhvp56s2toedk8a2mtc5k/32b58cd5fc8d-F8546A82_6400_4952_AC41_A4F8DC57AB5B.jpeg,beeb54f23642cdc8af2674f89e9702e5494f3aa7075f9b768f9c3c373e746e55,26857,image/jpeg,photos,typeform-2024/6s2to3cc3xnzhvp56s2toedk8a2mtc5k/front.jpeg,uploaded,https://xqooctihpvswvibnhsbj.supabase.co/storage/v1/object/public/photos/typeform-2024/6s2to3cc3xnzhvp56s2toedk8a2mtc5k/front.jpeg,
1,6s2to3cc3xnzhvp56s2toedk8a2mtc5k,cv,736161A2_A870_4C21_899B_1ADE8447E03F.jpeg,6s2to3cc3xnzhvp56s2toedk8a2mtc5k/763a97938aa8-736161A2_A870_4C21_899B_1ADE8447E03F.jpeg,8dd98e975b9ae5cc147e5c60345f925dd94701e81b1651d639745a1a5c8dfda7,66440,image/jpeg,photos,typeform-2024/6s2to3cc3xnzhvp56s2toedk8a2mtc5k/cv.jpeg,uploaded,https://xqooctihpvswvibnhsbj.supabase.co/storage/v1/object/public/photos/typeform-2024/6s2to3cc3xnzhvp56s2toedk8a2mtc5k/cv.jpeg,"non-document in CV slot, routed to photos bucket"
1,6s2to3cc3xnzhvp56s2toedk8a2mtc5k,portrait,51C6784C_F644_4143_988A_5A5567B321FA.jpeg,6s2to3cc3xnzhvp56s2toedk8a2mtc5k/d1852049fcf5-51C6784C_F644_4143_988A_5A5567B321FA.jpeg,3fb15044af863e175e303b9b58f3965ba349873511b8be096dfbf557be663e14,96948,image/jpeg,photos,typeform-2024/6s2to3cc3xnzhvp56s2toedk8a2mtc5k/portrait.jpeg,uploaded,https://xqooctihpvswvibnhsbj.supabase.co/storage/v1/object/public/photos/typeform-2024/6s2to3cc3xnzhvp56s2toedk8a2mtc5k/portrait.jpeg,
1,6s2to3cc3xnzhvp56s2toedk8a2mtc5k,rear,98F0FE1F_02E2_49BE_A794_FA5131250142.jpeg,6s2to3cc3xnzhvp56s2toedk8a2mtc5k/e3c1c20f5b73-98F0FE1F_02E2_49BE_A794_FA5131250142.jpeg,3d2ca0133cdd1464b7e7bd0017f06c9537ef78836463a218210027d49418992b,104345,image/jpeg,photos,typeform-2024/6s2to3cc3xnzhvp56s2toedk8a2mtc5k/rear.jpeg,uploaded,https://xqooctihpvswvibnhsbj.supabase.co/storage/v1/object/public/photos/typeform-2024/6s2to3cc3xnzhvp56s2toedk8a2mtc5k/rear.jpeg,
1,6xyeozds0zbgwgzu6xyeozfc0e09goq9,rear,0F8A6502_4059_49BA_8725_F61CCD2E828A.jpeg,6xyeozds0zbgwgzu6xyeozfc0e09goq9/1ae8ba747936-0F8A6502_4059_49BA_8725_F61CCD2E828A.jpeg,ba3beb41c2fd7eda32abac829180c383a460983b571bf2e639f8a17cbf524751,1981278,image/jpeg,photos,typeform-2024/6xyeozds0zbgwgzu6xyeozfc0e09goq9/rear.jpeg,uploaded,https://xqooctihpvswvibnhsbj.supabase.co/storage/v1/object/public/photos/typeform-2024/6xyeozds0zbgwgzu6xyeozfc0e09goq9/rear.jpeg,
1,6xyeozds0zbgwgzu6xyeozfc0e09goq9,portrait,6DEDB5E5_6CE6_479C_955D_E5335A7FD922.jpeg,6xyeozds0zbgwgzu6xyeozfc0e09goq9/1eda568f871c-6DEDB5E5_6CE6_479C_955D_E5335A7FD922.jpeg,fbc27c49bd70839d54c42bf93273bd3c4558b7be8b0b92ad4214752bfc266851,1632204,image/jpeg,photos,typeform-2024/6xyeozds0zbgwgzu6xyeozfc0e09goq9/portrait.jpeg,uploaded,https://xqooctihpvswvibnhsbj.supabase.co/storage/v1/object/public/photos/typeform-2024/6xyeozds0zbgwgzu6xyeozfc0e09goq9/portrait.jpeg,
1,6xyeozds0zbgwgzu6xyeozfc0e09goq9,front,92A5F9E6_01E4_4AAC_B1B1_5D264A39DC97.jpeg,6xyeozds0zbgwgzu6xyeozfc0e09goq9/37aaec772cba-92A5F9E6_01E4_4AAC_B1B1_5D264A39DC97.jpeg,f261495309cb075f25392f8e6cfc4536c0ef529857b4c0065a696b2e8c2c2902,614087,image/jpeg,photos,typeform-2024/6xyeozds0zbgwgzu6xyeozfc0e09goq9/front.jpeg,uploaded,https://xqooctihpvswvibnhsbj.supabase.co/storage/v1/object/public/photos/typeform-2024/6xyeozds0zbgwgzu6xyeozfc0e09goq9/front.jpeg,
1,6xyeozds0zbgwgzu6xyeozfc0e09goq9,cv,9B00DA6E_3040_426F_A618_4E70E69FE7DD.jpeg,6xyeozds0zbgwgzu6xyeozfc0e09goq9/6ac61e11b739-9B00DA6E_3040_426F_A618_4E70E69FE7DD.jpeg,c505b019cb81b48392904e9c734573ff2fbc364f52a30dce312ac639b6e8f127,218691,image/jpeg,photos,typeform-2024/6xyeozds0zbgwgzu6xyeozfc0e09goq9/cv.jpeg,uploaded,https://xqooctihpvswvibnhsbj.supabase.co/storage/v1/object/public/photos/typeform-2024/6xyeozds0zbgwgzu6xyeozfc0e09goq9/cv.jpeg,"non-document in CV slot, routed to photos bucket"
1,89b0suswscq38hwhma8zy89b0susl729,cv,Player_Profile.docx,89b0suswscq38hwhma8zy89b0susl729/0eeeda4035f6-Player_Profile.docx,942a66cf2b308884c9db177e4453f86e74cd9645da51eaa35ec4ae7a6aa5fda2,11584,application/vnd.openxmlformats-officedocument.wordprocessingml.document,cvs,typeform-2024/89b0suswscq38hwhma8zy89b0susl729/cv.docx,uploaded,https://xqooctihpvswvibnhsbj.supabase.co/storage/v1/object/public/cvs/typeform-2024/89b0suswscq38hwhma8zy89b0susl729/cv.docx,
1,89b0suswscq38hwhma8zy89b0susl729,rear,050b0af3_8ed5_436e_9600_9622f64a3d62_Original.jpeg,89b0suswscq38hwhma8zy89b0susl729/424c3e33ba20-050b0af3_8ed5_436e_9600_9622f64a3d62_Original.jpeg,7676e34ccd22c9538cf52ed3c4d4adc49a039fec8a0c992a28af2780ca8ad2b2,133277,image/jpeg,photos,typeform-2024/89b0suswscq38hwhma8zy89b0susl729/rear.jpeg,uploaded,https://xqooctihpvswvibnhsbj.supabase.co/storage/v1/object/public/photos/typeform-2024/89b0suswscq38hwhma8zy89b0susl729/rear.jpeg,
1,89b0suswscq38hwhma8zy89b0susl729,front,IMG_2575_Original.jpeg,89b0suswscq38hwhma8zy89b0susl729/9fa38006d61f-IMG_2575_Original.jpeg,c432332409bc133f76b89c9112c6fa49ff88215dae1c888308200b2950e6af7b,555527,image/jpeg,photos,typeform-2024/89b0suswscq38hwhma8zy89b0susl729/front.jpeg,uploaded,https://xqooctihpvswvibnhsbj.supabase.co/storage/v1/object/public/photos/typeform-2024/89b0suswscq38hwhma8zy89b0susl729/front.jpeg,
1,89b0suswscq38hwhma8zy89b0susl729,portrait,IMG_20190609_WA0039_Original.jpeg,89b0suswscq38hwhma8zy89b0susl729/b4896ebee45d-IMG_20190609_WA0039_Original.jpeg,95c2d4efb7878989a1738256dd60437e4005bc8a9da2f0752180be633c6c39c3,108187,image/jpeg,photos,typeform-2024/89b0suswscq38hwhma8zy89b0susl729/portrait.jpeg,uploaded,https://xqooctihpvswvibnhsbj.supabase.co/storage/v1/object/public/photos/typeform-2024/89b0suswscq38hwhma8zy89b0susl729/portrait.jpeg,
1,8gagtpkhgg0qdu4bjewe08gagtp3lrds,cv,IMG_0129.jpg,8gagtpkhgg0qdu4bjewe08gagtp3lrds/605213b5630c-IMG_0129.jpg,017cf92c21414a511fcf8f3947f41ca8b42865aaa9554508e24cbcb5cc2b32e8,1910401,image/jpeg,photos,typeform-2024/8gagtpkhgg0qdu4bjewe08gagtp3lrds/cv.jpg,uploaded,https://xqooctihpvswvibnhsbj.supabase.co/storage/v1/object/public/photos/typeform-2024/8gagtpkhgg0qdu4bjewe08gagtp3lrds/cv.jpg,"non-document in CV slot, routed to photos bucket"
1,8gagtpkhgg0qdu4bjewe08gagtp3lrds,front,Emmanuel_Owusu_Portrait_.pdf,8gagtpkhgg0qdu4bjewe08gagtp3lrds/b50f80f6e0b4-Emmanuel_Owusu_Portrait_front.pdf,6b992af5d17c1420220284bb13949c5d186a089fc7844e740bb069c07854b2b1,4356379,application/pdf,cvs,typeform-2024/8gagtpkhgg0qdu4bjewe08gagtp3lrds/front.pdf,uploaded,https://xqooctihpvswvibnhsbj.supabase.co/storage/v1/object/public/cvs/typeform-2024/8gagtpkhgg0qdu4bjewe08gagtp3lrds/front.pdf,"slot front read from the name, agrees with the export; 2 identical copies dropped, one uploaded"
1,8gagtpkhgg0qdu4bjewe08gagtp3lrds,rear,Emmanuel_Owusu_Portrait_.pdf,8gagtpkhgg0qdu4bjewe08gagtp3lrds/c69c581f2889-Emmanuel_Owusu_Portrait_.pdf,6b992af5d17c1420220284bb13949c5d186a089fc7844e740bb069c07854b2b1,4356379,application/pdf,cvs,typeform-2024/8gagtpkhgg0qdu4bjewe08gagtp3lrds/rear.pdf,uploaded,https://xqooctihpvswvibnhsbj.supabase.co/storage/v1/object/public/cvs/typeform-2024/8gagtpkhgg0qdu4bjewe08gagtp3lrds/rear.pdf,"one file filling 2 slots: front, rear (--relaxed)"
1,8gagtpkhgg0qdu4bjewe08gagtp3lrds,portrait,Emmanuel_Owusu_Portrait__2.pdf,8gagtpkhgg0qdu4bjewe08gagtp3lrds/d2a467ec4297-Emmanuel_Owusu_Portrait__2.pdf,6201b9fb43b939dacbbb3fa0264464480ae1d5e1e5811d9c1eccbb89fe841e0c,1541529,application/pdf,cvs,typeform-2024/8gagtpkhgg0qdu4bjewe08gagtp3lrds/portrait.pdf,uploaded,https://xqooctihpvswvibnhsbj.supabase.co/storage/v1/object/public/cvs/typeform-2024/8gagtpkhgg0qdu4bjewe08gagtp3lrds/portrait.pdf,
1,8ira86go2iin35j96last8ira8y9kl9h,front,369bcf13_b4a1_4985_9640_c47a45cfa9d6.jpeg,8ira86go2iin35j96last8ira8y9kl9h/133277974d9a-369bcf13_b4a1_4985_9640_c47a45cfa9d6.jpeg,79e1b0468c9bebcb5a4c3178a831681a330b83548388336b5ac92a38fae34ffb,66183,image/jpeg,photos,typeform-2024/8ira86go2iin35j96last8ira8y9kl9h/front.jpeg,uploaded,https://xqooctihpvswvibnhsbj.supabase.co/storage/v1/object/public/photos/typeform-2024/8ira86go2iin35j96last8ira8y9kl9h/front.jpeg,
1,8ira86go2iin35j96last8ira8y9kl9h,rear,563358ed_4199_4b59_af82_ebde6c9ec648.jpeg,8ira86go2iin35j96last8ira8y9kl9h/878992f754bd-563358ed_4199_4b59_af82_ebde6c9ec648.jpeg,6f5bcbe578076a2de8f094d2dc555f8e742e43e31835a640046f7e7584ea4b47,57245,image/jpeg,photos,typeform-2024/8ira86go2iin35j96last8ira8y9kl9h/rear.jpeg,uploaded,https://xqooctihpvswvibnhsbj.supabase.co/storage/v1/object/public/photos/typeform-2024/8ira86go2iin35j96last8ira8y9kl9h/rear.jpeg,
1,8ira86go2iin35j96last8ira8y9kl9h,cv,IMG_6226.jpeg,8ira86go2iin35j96last8ira8y9kl9h/b985ddb79f63-IMG_6226.jpeg,95980a29927b7810d8f5848ed2658fbf727e1c7970ad1cc058fa8f8c34ac88a2,1721246,image/jpeg,photos,typeform-2024/8ira86go2iin35j96last8ira8y9kl9h/cv.jpeg,uploaded,https://xqooctihpvswvibnhsbj.supabase.co/storage/v1/object/public/photos/typeform-2024/8ira86go2iin35j96last8ira8y9kl9h/cv.jpeg,"non-document in CV slot, routed to photos bucket"
1,8ira86go2iin35j96last8ira8y9kl9h,portrait,9c5095fe_f84a_4fcf_983f_c8df4502e7e1.jpeg,8ira86go2iin35j96last8ira8y9kl9h/e1f6fe20399f-9c5095fe_f84a_4fcf_983f_c8df4502e7e1.jpeg,a6e4fecc72111c4fde74f1b02cb74ce306e17443983782be31518188d1ff904a,18087,image/jpeg,photos,typeform-2024/8ira86go2iin35j96last8ira8y9kl9h/portrait.jpeg,uploaded,https://xqooctihpvswvibnhsbj.supabase.co/storage/v1/object/public/photos/typeform-2024/8ira86go2iin35j96last8ira8y9kl9h/portrait.jpeg,
1,8kfagstilbvohyvkmr8kfagued90wsu0,cv,Benjamin_Kwame_Ampah_CV.pdf,8kfagstilbvohyvkmr8kfagued90wsu0/77b09a7a936b-Benjamin_Kwame_Ampah_CV.pdf,18ec56e3a8b55caa841f1e1a3823bba3b23d546e7aa2f6752faa7a32b96e3494,190189,application/pdf,cvs,typeform-2024/8kfagstilbvohyvkmr8kfagued90wsu0/cv.pdf,uploaded,https://xqooctihpvswvibnhsbj.supabase.co/storage/v1/object/public/cvs/typeform-2024/8kfagstilbvohyvkmr8kfagued90wsu0/cv.pdf,
1,8kfagstilbvohyvkmr8kfagued90wsu0,front,A0D40AA2_BE1F_48DC_8E61_6840D64CD960.jpeg,8kfagstilbvohyvkmr8kfagued90wsu0/7c76b1640743-A0D40AA2_BE1F_48DC_8E61_6840D64CD960.jpeg,c32107dd71b688bdf92d3b4628046c1692925fe76ae66e44f2625e48885d1aab,358192,image/jpeg,photos,typeform-2024/8kfagstilbvohyvkmr8kfagued90wsu0/front.jpeg,uploaded,https://xqooctihpvswvibnhsbj.supabase.co/storage/v1/object/public/photos/typeform-2024/8kfagstilbvohyvkmr8kfagued90wsu0/front.jpeg,
1,8kfagstilbvohyvkmr8kfagued90wsu0,portrait,BDC41AD7_0D7B_4903_BC30_145E90D9B6EB.jpeg,8kfagstilbvohyvkmr8kfagued90wsu0/9485e254ba75-BDC41AD7_0D7B_4903_BC30_145E90D9B6EB.jpeg,90f6bc5e45ebac7ea920a12ad5525af911b72b39355f3febe87832407113d647,3630238,image/jpeg,photos,typeform-2024/8kfagstilbvohyvkmr8kfagued90wsu0/portrait.jpeg,uploaded,https://xqooctihpvswvibnhsbj.supabase.co/storage/v1/object/public/photos/typeform-2024/8kfagstilbvohyvkmr8kfagued90wsu0/portrait.jpeg,
1,8kfagstilbvohyvkmr8kfagued90wsu0,rear,97CC77CC_8E5D_424F_96B8_35F62BA77EDB.jpeg,8kfagstilbvohyvkmr8kfagued90wsu0/c136061c2ed7-97CC77CC_8E5D_424F_96B8_35F62BA77EDB.jpeg,67ad18a90178fe53b531dc15e415c23a9243e8091b81376fdcd52696324eea77,104254,image/jpeg,photos,typeform-2024/8kfagstilbvohyvkmr8kfagued90wsu0/rear.jpeg,uploaded,https://xqooctihpvswvibnhsbj.supabase.co/storage/v1/object/public/photos/typeform-2024/8kfagstilbvohyvkmr8kfagued90wsu0/rear.jpeg,
1,8lelyeubgzgdydcccd68lelyeu4x03n8,portrait,Danny_Portrait.JPG,8lelyeubgzgdydcccd68lelyeu4x03n8/03116d572194-Danny_Portrait.JPG,a673218462b4458fe3e9cd2abb3137089c50cb0c81c0d5c0ab8f559c20e253b7,2187446,image/jpeg,photos,typeform-2024/8lelyeubgzgdydcccd68lelyeu4x03n8/portrait.jpg,uploaded,https://xqooctihpvswvibnhsbj.supabase.co/storage/v1/object/public/photos/typeform-2024/8lelyeubgzgdydcccd68lelyeu4x03n8/portrait.jpg,
1,8lelyeubgzgdydcccd68lelyeu4x03n8,front,Danny_FFV.JPG,8lelyeubgzgdydcccd68lelyeu4x03n8/52cf0bdde1ec-Danny_FFV.JPG,9b7e803d5b846fe4e1ebbebb40ae15f555fa22c210436b79fed8d3b80f93982c,2493379,image/jpeg,photos,typeform-2024/8lelyeubgzgdydcccd68lelyeu4x03n8/front.jpg,uploaded,https://xqooctihpvswvibnhsbj.supabase.co/storage/v1/object/public/photos/typeform-2024/8lelyeubgzgdydcccd68lelyeu4x03n8/front.jpg,
1,8lelyeubgzgdydcccd68lelyeu4x03n8,rear,Danny_FRV.JPG,8lelyeubgzgdydcccd68lelyeu4x03n8/7e259a17cb61-Danny_FRV.JPG,68d62eb4018c5de3ea393084f9831ea4a495955c30de4b381b1db034981dac49,2456773,image/jpeg,photos,typeform-2024/8lelyeubgzgdydcccd68lelyeu4x03n8/rear.jpg,uploaded,https://xqooctihpvswvibnhsbj.supabase.co/storage/v1/object/public/photos/typeform-2024/8lelyeubgzgdydcccd68lelyeu4x03n8/rear.jpg,
1,8lelyeubgzgdydcccd68lelyeu4x03n8,cv,Etse.pdf,8lelyeubgzgdydcccd68lelyeu4x03n8/aa61f207d046-Etse.pdf,e377dc3c0c3c4b5bb1de20b5d3ade491048d3f5d5ebb8271c16da646327030d5,104506,application/pdf,cvs,typeform-2024/8lelyeubgzgdydcccd68lelyeu4x03n8/cv.pdf,uploaded,https://xqooctihpvswvibnhsbj.supabase.co/storage/v1/object/public/cvs/typeform-2024/8lelyeubgzgdydcccd68lelyeu4x03n8/cv.pdf,
1,9ai5ldjlb9g7i07e4x9ai5lnbb2xd9v4,portrait,IMG_0480.JPG,9ai5ldjlb9g7i07e4x9ai5lnbb2xd9v4/021142f57a7e-IMG_0480.JPG,cccb0c683df7ed092cf2833e386d87710f0d825c928f0151a96c61813c440273,140195,image/jpeg,photos,typeform-2024/9ai5ldjlb9g7i07e4x9ai5lnbb2xd9v4/portrait.jpg,uploaded,https://xqooctihpvswvibnhsbj.supabase.co/storage/v1/object/public/photos/typeform-2024/9ai5ldjlb9g7i07e4x9ai5lnbb2xd9v4/portrait.jpg,
1,9ai5ldjlb9g7i07e4x9ai5lnbb2xd9v4,cv,HENRY_LAMPTEY_new_edit.docx,9ai5ldjlb9g7i07e4x9ai5lnbb2xd9v4/7141ffec3997-HENRY_LAMPTEY_new_edit.docx,81882eb06a0b87aa2a9591d6280ddde0c1d6f932fe06d250a7796d907c77ee63,18401,application/vnd.openxmlformats-officedocument.wordprocessingml.document,cvs,typeform-2024/9ai5ldjlb9g7i07e4x9ai5lnbb2xd9v4/cv.docx,uploaded,https://xqooctihpvswvibnhsbj.supabase.co/storage/v1/object/public/cvs/typeform-2024/9ai5ldjlb9g7i07e4x9ai5lnbb2xd9v4/cv.docx,
1,9ai5ldjlb9g7i07e4x9ai5lnbb2xd9v4,front,IMG_20221231_WA0009.jpg,9ai5ldjlb9g7i07e4x9ai5lnbb2xd9v4/7c8716dcd4b3-IMG_20221231_WA0009.jpg,9972a16f5277031c318d690f85f2ced5a26ded334cf98e1d83834dc254272ccc,124540,image/jpeg,photos,typeform-2024/9ai5ldjlb9g7i07e4x9ai5lnbb2xd9v4/front.jpg,uploaded,https://xqooctihpvswvibnhsbj.supabase.co/storage/v1/object/public/photos/typeform-2024/9ai5ldjlb9g7i07e4x9ai5lnbb2xd9v4/front.jpg,
1,9ai5ldjlb9g7i07e4x9ai5lnbb2xd9v4,rear,53840c2f_6091_43bb_97ff_915f52eb3728.jpg,9ai5ldjlb9g7i07e4x9ai5lnbb2xd9v4/a68ee62ae982-53840c2f_6091_43bb_97ff_915f52eb3728.jpg,d5b4105cb4da0a79d14440a6ac5138e5f80a93e17e0256a1535d9050ea1cd973,448168,image/jpeg,photos,typeform-2024/9ai5ldjlb9g7i07e4x9ai5lnbb2xd9v4/rear.jpg,uploaded,https://xqooctihpvswvibnhsbj.supabase.co/storage/v1/object/public/photos/typeform-2024/9ai5ldjlb9g7i07e4x9ai5lnbb2xd9v4/rear.jpg,
1,9vvvyrr0ujb0yx3kon29vvvyrr0lorwo,portrait,a27b7cfd_9a5a_4736_905c_6c3948a30174.jpeg,9vvvyrr0ujb0yx3kon29vvvyrr0lorwo/5bea1e9b9bea-a27b7cfd_9a5a_4736_905c_6c3948a30174.jpeg,e7c77aaf3c83b995153e7aac86dc5e94b4ac4c9393e50e56ae219bd437fc244e,210230,image/jpeg,photos,typeform-2024/9vvvyrr0ujb0yx3kon29vvvyrr0lorwo/portrait.jpeg,uploaded,https://xqooctihpvswvibnhsbj.supabase.co/storage/v1/object/public/photos/typeform-2024/9vvvyrr0ujb0yx3kon29vvvyrr0lorwo/portrait.jpeg,
1,9vvvyrr0ujb0yx3kon29vvvyrr0lorwo,rear,dsc_0216.jpeg,9vvvyrr0ujb0yx3kon29vvvyrr0lorwo/90045c1b5c9e-dsc_0216.jpeg,20c1e7b672a69fbc53ff18fcd3ea5c3fe50d00ffa5f9b2a71cfc771ca2171618,4514743,image/jpeg,photos,typeform-2024/9vvvyrr0ujb0yx3kon29vvvyrr0lorwo/rear.jpeg,uploaded,https://xqooctihpvswvibnhsbj.supabase.co/storage/v1/object/public/photos/typeform-2024/9vvvyrr0ujb0yx3kon29vvvyrr0lorwo/rear.jpeg,
1,9vvvyrr0ujb0yx3kon29vvvyrr0lorwo,cv,Elroy_s_football_CV_new.pdf,9vvvyrr0ujb0yx3kon29vvvyrr0lorwo/a99d80e4b1dd-Elroy_s_football_CV_new.pdf,285bad67d26ffead37a20c322f6dfc020fd246dab628ee1b94785c6a705a03c2,158180,application/pdf,cvs,typeform-2024/9vvvyrr0ujb0yx3kon29vvvyrr0lorwo/cv.pdf,uploaded,https://xqooctihpvswvibnhsbj.supabase.co/storage/v1/object/public/cvs/typeform-2024/9vvvyrr0ujb0yx3kon29vvvyrr0lorwo/cv.pdf,
1,9vvvyrr0ujb0yx3kon29vvvyrr0lorwo,front,IMG_1066.jpeg,9vvvyrr0ujb0yx3kon29vvvyrr0lorwo/cc10407682fc-IMG_1066.jpeg,a4bcb600db5dfe53f991308ae7fc090ff1118bb48645559cbd4ed86ef8401987,5907119,image/jpeg,photos,typeform-2024/9vvvyrr0ujb0yx3kon29vvvyrr0lorwo/front.jpeg,uploaded,https://xqooctihpvswvibnhsbj.supabase.co/storage/v1/object/public/photos/typeform-2024/9vvvyrr0ujb0yx3kon29vvvyrr0lorwo/front.jpeg,
1,abywwgj05zka1exlgafhq4sabywwgjj2,rear,46E6E5BA_5932_4471_8724_3D7937208AE5.jpeg,abywwgj05zka1exlgafhq4sabywwgjj2/0a4fa60dcadd-46E6E5BA_5932_4471_8724_3D7937208AE5.jpeg,9cd5f3aad64fefb9ffa1bc61f6759c0cc448bc4b034f6303a1b50163cedee2a3,1403832,image/jpeg,photos,typeform-2024/abywwgj05zka1exlgafhq4sabywwgjj2/rear.jpeg,uploaded,https://xqooctihpvswvibnhsbj.supabase.co/storage/v1/object/public/photos/typeform-2024/abywwgj05zka1exlgafhq4sabywwgjj2/rear.jpeg,
1,abywwgj05zka1exlgafhq4sabywwgjj2,portrait,6F69A073_9CFA_4631_8201_3A58F82F404F.jpeg,abywwgj05zka1exlgafhq4sabywwgjj2/1a1ad1035b3c-6F69A073_9CFA_4631_8201_3A58F82F404F.jpeg,e7533f498ce7add7417711e64ec196978ffc772656129748fc200eb8c591b01e,24929,image/jpeg,photos,typeform-2024/abywwgj05zka1exlgafhq4sabywwgjj2/portrait.jpeg,uploaded,https://xqooctihpvswvibnhsbj.supabase.co/storage/v1/object/public/photos/typeform-2024/abywwgj05zka1exlgafhq4sabywwgjj2/portrait.jpeg,
1,abywwgj05zka1exlgafhq4sabywwgjj2,front,B2AEE1B4_63CD_4649_83EC_D6AD15B25598.jpeg,abywwgj05zka1exlgafhq4sabywwgjj2/cc42084a5ad7-B2AEE1B4_63CD_4649_83EC_D6AD15B25598.jpeg,ff89ba8b649c5b47888205aa85db23546d417b5d44254ae6b030daad4209e1dd,303375,image/jpeg,photos,typeform-2024/abywwgj05zka1exlgafhq4sabywwgjj2/front.jpeg,uploaded,https://xqooctihpvswvibnhsbj.supabase.co/storage/v1/object/public/photos/typeform-2024/abywwgj05zka1exlgafhq4sabywwgjj2/front.jpeg,
1,abywwgj05zka1exlgafhq4sabywwgjj2,cv,trim.3633D0EE_C771_4CC2_B7DB_39B491F43208.MOV,abywwgj05zka1exlgafhq4sabywwgjj2/d4ef2e20766f-trim.3633D0EE_C771_4CC2_B7DB_39B491F43208.MOV,1ef2ddfe3e83e0b6d6ec1f2a030f8c37096c278133275c6ece08a41b0b3af465,9294622,video/quicktime,media,typeform-2024/abywwgj05zka1exlgafhq4sabywwgjj2/cv.mov,uploaded,https://xqooctihpvswvibnhsbj.supabase.co/storage/v1/object/public/media/typeform-2024/abywwgj05zka1exlgafhq4sabywwgjj2/cv.mov,"non-document in CV slot, routed to photos bucket"
1,alnpt7ht3xgbialnwx8b0cdlyu7b1ogn,front,IMG_20240530_WA0001.jpg,alnpt7ht3xgbialnwx8b0cdlyu7b1ogn/5c5f865c006a-IMG_20240615_WA0000front.jpg,6d2242e591753f05354c49b10f669c49dbf521140e484115badbd4db01afc488,112852,image/jpeg,photos,typeform-2024/alnpt7ht3xgbialnwx8b0cdlyu7b1ogn/front.jpg,uploaded,https://xqooctihpvswvibnhsbj.supabase.co/storage/v1/object/public/photos/typeform-2024/alnpt7ht3xgbialnwx8b0cdlyu7b1ogn/front.jpg,"named front, export said portrait and rear, name wins (--relaxed); kept over 1 weaker claim(s) to this slot"
1,alnpt7ht3xgbialnwx8b0cdlyu7b1ogn,portrait,IMG_20240615_WA0000.jpg,alnpt7ht3xgbialnwx8b0cdlyu7b1ogn/602075424ba4-IMG_20240615_WA0000.jpg,6d2242e591753f05354c49b10f669c49dbf521140e484115badbd4db01afc488,112852,image/jpeg,photos,typeform-2024/alnpt7ht3xgbialnwx8b0cdlyu7b1ogn/portrait.jpg,uploaded,https://xqooctihpvswvibnhsbj.supabase.co/storage/v1/object/public/photos/typeform-2024/alnpt7ht3xgbialnwx8b0cdlyu7b1ogn/portrait.jpg,"one file filling 2 slots: portrait, rear (--relaxed)"
1,alnpt7ht3xgbialnwx8b0cdlyu7b1ogn,rear,IMG_20240615_WA0000.jpg,alnpt7ht3xgbialnwx8b0cdlyu7b1ogn/602075424ba4-IMG_20240615_WA0000.jpg,6d2242e591753f05354c49b10f669c49dbf521140e484115badbd4db01afc488,112852,image/jpeg,photos,typeform-2024/alnpt7ht3xgbialnwx8b0cdlyu7b1ogn/rear.jpg,uploaded,https://xqooctihpvswvibnhsbj.supabase.co/storage/v1/object/public/photos/typeform-2024/alnpt7ht3xgbialnwx8b0cdlyu7b1ogn/rear.jpg,"one file filling 2 slots: portrait, rear (--relaxed)"
1,alnpt7ht3xgbialnwx8b0cdlyu7b1ogn,cv,AIKINS_KYEI_BAFFOUR_PLAYER_CV.pdf,alnpt7ht3xgbialnwx8b0cdlyu7b1ogn/ad573175b1dd-AIKINS_KYEI_BAFFOUR_PLAYER_CV.pdf,e60e0aee9416337ab5aa5a5057454263dd6d5c08c1a8f54510c2c1d763555cdf,225051,application/pdf,cvs,typeform-2024/alnpt7ht3xgbialnwx8b0cdlyu7b1ogn/cv.pdf,uploaded,https://xqooctihpvswvibnhsbj.supabase.co/storage/v1/object/public/cvs/typeform-2024/alnpt7ht3xgbialnwx8b0cdlyu7b1ogn/cv.pdf,
1,aos2it6iwej65a60n10aaos2m0i7z5jr,cv,e4fffbc9_5511_48ac_a92b_09cc5dfe3f22.jpeg,aos2it6iwej65a60n10aaos2m0i7z5jr/18ce7af6f57a-e4fffbc9_5511_48ac_a92b_09cc5dfe3f22.jpeg,22751ba20d7edf366615ba75f3c5644797666cde2077652bdf800ba784c3209a,206294,image/jpeg,photos,typeform-2024/aos2it6iwej65a60n10aaos2m0i7z5jr/cv.jpeg,uploaded,https://xqooctihpvswvibnhsbj.supabase.co/storage/v1/object/public/photos/typeform-2024/aos2it6iwej65a60n10aaos2m0i7z5jr/cv.jpeg,"non-document in CV slot, routed to photos bucket"
1,aos2it6iwej65a60n10aaos2m0i7z5jr,front,IMG_1075.jpeg,aos2it6iwej65a60n10aaos2m0i7z5jr/4ced930173b2-IMG_1075front.jpeg,8eefa2deed145e76352e58a54b61ffaf97492d5ac172e32937f1f89efe4c0d00,3286173,image/jpeg,photos,typeform-2024/aos2it6iwej65a60n10aaos2m0i7z5jr/front.jpeg,uploaded,https://xqooctihpvswvibnhsbj.supabase.co/storage/v1/object/public/photos/typeform-2024/aos2it6iwej65a60n10aaos2m0i7z5jr/front.jpeg,"slot front read from the name, agrees with the export"
1,aos2it6iwej65a60n10aaos2m0i7z5jr,portrait,e1e653c8_7f43_4081_b3d5_dccc2fdb74e0_Original.jpeg,aos2it6iwej65a60n10aaos2m0i7z5jr/98d6b37eb143-e1e653c8_7f43_4081_b3d5_dccc2fdb74e0_Original.jpeg,54d79c476a76d27f58ba28071fa927075ba075d075b52472995156042f228de7,146812,image/jpeg,photos,typeform-2024/aos2it6iwej65a60n10aaos2m0i7z5jr/portrait.jpeg,uploaded,https://xqooctihpvswvibnhsbj.supabase.co/storage/v1/object/public/photos/typeform-2024/aos2it6iwej65a60n10aaos2m0i7z5jr/portrait.jpeg,"one file filling 2 slots: portrait, rear (--relaxed); 2 identical copies dropped, one uploaded"
1,aos2it6iwej65a60n10aaos2m0i7z5jr,rear,e1e653c8_7f43_4081_b3d5_dccc2fdb74e0_Original.jpeg,aos2it6iwej65a60n10aaos2m0i7z5jr/98d6b37eb143-e1e653c8_7f43_4081_b3d5_dccc2fdb74e0_Original.jpeg,54d79c476a76d27f58ba28071fa927075ba075d075b52472995156042f228de7,146812,image/jpeg,photos,typeform-2024/aos2it6iwej65a60n10aaos2m0i7z5jr/rear.jpeg,uploaded,https://xqooctihpvswvibnhsbj.supabase.co/storage/v1/object/public/photos/typeform-2024/aos2it6iwej65a60n10aaos2m0i7z5jr/rear.jpeg,"one file filling 2 slots: portrait, rear (--relaxed); 2 identical copies dropped, one uploaded"
1,csf1i9bj4et3ur7bcsfcja4b0ang2aw0,cv,2A314688_3E1C_4EFE_BDCB_2B3DD95FB3E7.jpeg,csf1i9bj4et3ur7bcsfcja4b0ang2aw0/6bfdc08588a9-2A314688_3E1C_4EFE_BDCB_2B3DD95FB3E7.jpeg,c74e7d94d9a17d208f1c67c13c46c9740e92f53dfcded37ab96f02c7844ac743,428683,image/jpeg,photos,typeform-2024/csf1i9bj4et3ur7bcsfcja4b0ang2aw0/cv.jpeg,uploaded,https://xqooctihpvswvibnhsbj.supabase.co/storage/v1/object/public/photos/typeform-2024/csf1i9bj4et3ur7bcsfcja4b0ang2aw0/cv.jpeg,"non-document in CV slot, routed to photos bucket"
1,csf1i9bj4et3ur7bcsfcja4b0ang2aw0,rear,IMG_1295.jpeg,csf1i9bj4et3ur7bcsfcja4b0ang2aw0/71555ca25ef6-IMG_1295.jpeg,3573ffacd49fd0d97086bb24e96d9116ba3160eaada88e51ae7b489f07953784,697973,image/jpeg,photos,typeform-2024/csf1i9bj4et3ur7bcsfcja4b0ang2aw0/rear.jpeg,uploaded,https://xqooctihpvswvibnhsbj.supabase.co/storage/v1/object/public/photos/typeform-2024/csf1i9bj4et3ur7bcsfcja4b0ang2aw0/rear.jpeg,
1,csf1i9bj4et3ur7bcsfcja4b0ang2aw0,front,IMG_1288.jpeg,csf1i9bj4et3ur7bcsfcja4b0ang2aw0/b1d423fc26dc-IMG_1288.jpeg,2bed5036136484fa8056d31823e61292df38c1012c1d45ee5c5526902e8b3f5d,2251962,image/jpeg,photos,typeform-2024/csf1i9bj4et3ur7bcsfcja4b0ang2aw0/front.jpeg,uploaded,https://xqooctihpvswvibnhsbj.supabase.co/storage/v1/object/public/photos/typeform-2024/csf1i9bj4et3ur7bcsfcja4b0ang2aw0/front.jpeg,
1,csf1i9bj4et3ur7bcsfcja4b0ang2aw0,portrait,IMG_0806.jpeg,csf1i9bj4et3ur7bcsfcja4b0ang2aw0/bc9eaf25ee58-IMG_0806.jpeg,90e625124530ae1a729cb33b49b14f4ba607d426e861afca082cd2e22d6957b1,2587019,image/jpeg,photos,typeform-2024/csf1i9bj4et3ur7bcsfcja4b0ang2aw0/portrait.jpeg,uploaded,https://xqooctihpvswvibnhsbj.supabase.co/storage/v1/object/public/photos/typeform-2024/csf1i9bj4et3ur7bcsfcja4b0ang2aw0/portrait.jpeg,
1,eavotvpv77xw5j25eavog4evobhgnqwq,portrait,Osei___Portrait_.JPG,eavotvpv77xw5j25eavog4evobhgnqwq/13282561b794-Osei___Portrait_.JPG,d7ce84ecf52ec1e79c1acf92ec6bfda9949532c9800b9a60d6d093d864347660,83005,image/jpeg,photos,typeform-2024/eavotvpv77xw5j25eavog4evobhgnqwq/portrait.jpg,uploaded,https://xqooctihpvswvibnhsbj.supabase.co/storage/v1/object/public/photos/typeform-2024/eavotvpv77xw5j25eavog4evobhgnqwq/portrait.jpg,
1,eavotvpv77xw5j25eavog4evobhgnqwq,rear,Osei___FRV.JPG,eavotvpv77xw5j25eavog4evobhgnqwq/9d929f6474ae-Osei___FRV.JPG,3c6dae12a600dc9ba857817ef5485e10e074b197168e196fd86b8841600e05c8,170476,image/jpeg,photos,typeform-2024/eavotvpv77xw5j25eavog4evobhgnqwq/rear.jpg,uploaded,https://xqooctihpvswvibnhsbj.supabase.co/storage/v1/object/public/photos/typeform-2024/eavotvpv77xw5j25eavog4evobhgnqwq/rear.jpg,
1,eavotvpv77xw5j25eavog4evobhgnqwq,cv,NANA_KOJO_OSEI_CV.pdf,eavotvpv77xw5j25eavog4evobhgnqwq/b09bc187ac1b-NANA_KOJO_OSEI_CV.pdf,73110592c5db0cb715173cbd606a53bdf9cd0b69e92f3c0f0fae0951e344d1a8,126634,application/pdf,cvs,typeform-2024/eavotvpv77xw5j25eavog4evobhgnqwq/cv.pdf,uploaded,https://xqooctihpvswvibnhsbj.supabase.co/storage/v1/object/public/cvs/typeform-2024/eavotvpv77xw5j25eavog4evobhgnqwq/cv.pdf,
1,eavotvpv77xw5j25eavog4evobhgnqwq,front,Osei___FFV.JPG,eavotvpv77xw5j25eavog4evobhgnqwq/f3d732468b35-Osei___FFV.JPG,aaa69c0e3b28f62fcaf6cfcbc36a60d2083a198f31dd29f61b349d05528104e9,148710,image/jpeg,photos,typeform-2024/eavotvpv77xw5j25eavog4evobhgnqwq/front.jpg,uploaded,https://xqooctihpvswvibnhsbj.supabase.co/storage/v1/object/public/photos/typeform-2024/eavotvpv77xw5j25eavog4evobhgnqwq/front.jpg,
1,ggudel8hmdjgnjwbggudel805btovyv5,rear,IMG_1714.jpeg,ggudel8hmdjgnjwbggudel805btovyv5/5dd65c9beb85-IMG_1714.jpeg,358caa8bda0262273f2910d5687798d5d1d10eb1ce3024c7616a35ee075c06bf,191305,image/jpeg,photos,typeform-2024/ggudel8hmdjgnjwbggudel805btovyv5/rear.jpeg,uploaded,https://xqooctihpvswvibnhsbj.supabase.co/storage/v1/object/public/photos/typeform-2024/ggudel8hmdjgnjwbggudel805btovyv5/rear.jpeg,
1,ggudel8hmdjgnjwbggudel805btovyv5,front,IMG_0644.jpeg,ggudel8hmdjgnjwbggudel805btovyv5/ac57abeb240d-IMG_0644.jpeg,33568897c946fbc1c28fe57aa1db56883bdab460b82f3a862c1730924ab938ca,578313,image/jpeg,photos,typeform-2024/ggudel8hmdjgnjwbggudel805btovyv5/front.jpeg,uploaded,https://xqooctihpvswvibnhsbj.supabase.co/storage/v1/object/public/photos/typeform-2024/ggudel8hmdjgnjwbggudel805btovyv5/front.jpeg,
1,ggudel8hmdjgnjwbggudel805btovyv5,cv,IMG_0715.jpeg,ggudel8hmdjgnjwbggudel805btovyv5/d5a6e4c8b291-IMG_0715.jpeg,5f80e53a5b0f1c9027aa0c9dc050e27d6710ebcbf6a35a5798a843cd9eb66ac7,624674,image/jpeg,photos,typeform-2024/ggudel8hmdjgnjwbggudel805btovyv5/cv.jpeg,uploaded,https://xqooctihpvswvibnhsbj.supabase.co/storage/v1/object/public/photos/typeform-2024/ggudel8hmdjgnjwbggudel805btovyv5/cv.jpeg,"non-document in CV slot, routed to photos bucket"
1,ggudel8hmdjgnjwbggudel805btovyv5,portrait,IMG_0717.jpeg,ggudel8hmdjgnjwbggudel805btovyv5/eefcc56dd2f8-IMG_0717.jpeg,03aa6ab1d3409d3108247a14a61343a002535f66eb9ef6754f90e7163bc89c90,152705,image/jpeg,photos,typeform-2024/ggudel8hmdjgnjwbggudel805btovyv5/portrait.jpeg,uploaded,https://xqooctihpvswvibnhsbj.supabase.co/storage/v1/object/public/photos/typeform-2024/ggudel8hmdjgnjwbggudel805btovyv5/portrait.jpeg,
1,gw2e7q88qds1isvdqbnxdvgw2e7hqipt,front,Alhassan_FFV.jpg,gw2e7q88qds1isvdqbnxdvgw2e7hqipt/42c32d42e2a6-Alhassan_FFV.jpg,5768c583dd67f91650036365a28fcf1911290b4fe845e83a5ba4e8632b366995,133338,image/jpeg,photos,typeform-2024/gw2e7q88qds1isvdqbnxdvgw2e7hqipt/front.jpg,uploaded,https://xqooctihpvswvibnhsbj.supabase.co/storage/v1/object/public/photos/typeform-2024/gw2e7q88qds1isvdqbnxdvgw2e7hqipt/front.jpg,
1,gw2e7q88qds1isvdqbnxdvgw2e7hqipt,cv,Football_CV.docx,gw2e7q88qds1isvdqbnxdvgw2e7hqipt/559183f5cf0a-Football_CV.docx,29a3f60e3ec7134f7e7346cd824cab70a8ca88637d424dee54c813a8d13d86a9,15893,application/vnd.openxmlformats-officedocument.wordprocessingml.document,cvs,typeform-2024/gw2e7q88qds1isvdqbnxdvgw2e7hqipt/cv.docx,uploaded,https://xqooctihpvswvibnhsbj.supabase.co/storage/v1/object/public/cvs/typeform-2024/gw2e7q88qds1isvdqbnxdvgw2e7hqipt/cv.docx,
1,gw2e7q88qds1isvdqbnxdvgw2e7hqipt,portrait,Alhassan_potrait.jpg,gw2e7q88qds1isvdqbnxdvgw2e7hqipt/697c1377ef40-Alhassan_potrait.jpg,063744bf4bf37b1775da5ca37b752fe41c8bc51cd0f59a13b164bbc99b6910d3,102709,image/jpeg,photos,typeform-2024/gw2e7q88qds1isvdqbnxdvgw2e7hqipt/portrait.jpg,uploaded,https://xqooctihpvswvibnhsbj.supabase.co/storage/v1/object/public/photos/typeform-2024/gw2e7q88qds1isvdqbnxdvgw2e7hqipt/portrait.jpg,
1,gw2e7q88qds1isvdqbnxdvgw2e7hqipt,rear,Alhassan_FRV.jpg,gw2e7q88qds1isvdqbnxdvgw2e7hqipt/8f915c726c3f-Alhassan_FRV.jpg,5768c583dd67f91650036365a28fcf1911290b4fe845e83a5ba4e8632b366995,133338,image/jpeg,photos,typeform-2024/gw2e7q88qds1isvdqbnxdvgw2e7hqipt/rear.jpg,uploaded,https://xqooctihpvswvibnhsbj.supabase.co/storage/v1/object/public/photos/typeform-2024/gw2e7q88qds1isvdqbnxdvgw2e7hqipt/rear.jpg,
1,hp9fnusqoezmjao1fxhp9f4lk5z71v91,cv,E8CC9C6F_39E1_45D1_92A9_F9457322ADE3.jpeg,hp9fnusqoezmjao1fxhp9f4lk5z71v91/3920c4d7d810-E8CC9C6F_39E1_45D1_92A9_F9457322ADE3.jpeg,b9c427c8dfd7bc352ea84a5092d3ffd725a468e91d4dd6aa35085631f28280e2,183541,image/jpeg,photos,typeform-2024/hp9fnusqoezmjao1fxhp9f4lk5z71v91/cv.jpeg,uploaded,https://xqooctihpvswvibnhsbj.supabase.co/storage/v1/object/public/photos/typeform-2024/hp9fnusqoezmjao1fxhp9f4lk5z71v91/cv.jpeg,"non-document in CV slot, routed to photos bucket"
1,hp9fnusqoezmjao1fxhp9f4lk5z71v91,front,CB5F2A5E_CEF2_47E8_A868_0B7B3FB3F640.jpeg,hp9fnusqoezmjao1fxhp9f4lk5z71v91/b2253d0da816-CB5F2A5E_CEF2_47E8_A868_0B7B3FB3F640.jpeg,feceb6e5d4b51096341d5f94258d6b14534c19fe88a11c85c2547a341f3036cb,190988,image/jpeg,photos,typeform-2024/hp9fnusqoezmjao1fxhp9f4lk5z71v91/front.jpeg,uploaded,https://xqooctihpvswvibnhsbj.supabase.co/storage/v1/object/public/photos/typeform-2024/hp9fnusqoezmjao1fxhp9f4lk5z71v91/front.jpeg,
1,hp9fnusqoezmjao1fxhp9f4lk5z71v91,rear,81AE263A_F34D_480E_BB99_63EF72023355.jpeg,hp9fnusqoezmjao1fxhp9f4lk5z71v91/bfbed56c8811-81AE263A_F34D_480E_BB99_63EF72023355.jpeg,c7673d5c1624ca3f117c6017a7f807c8991884e8763cf2e59647a59fccaa75c1,51647,image/jpeg,photos,typeform-2024/hp9fnusqoezmjao1fxhp9f4lk5z71v91/rear.jpeg,uploaded,https://xqooctihpvswvibnhsbj.supabase.co/storage/v1/object/public/photos/typeform-2024/hp9fnusqoezmjao1fxhp9f4lk5z71v91/rear.jpeg,
1,hp9fnusqoezmjao1fxhp9f4lk5z71v91,portrait,C6630A7F_A396_4D74_A4B0_C96AF1E11843.jpeg,hp9fnusqoezmjao1fxhp9f4lk5z71v91/e837b03fc1b4-C6630A7F_A396_4D74_A4B0_C96AF1E11843.jpeg,39eaa59c199d988fc9ac91c9e872d8719b2829c14fa3d18187d806219018f4a6,26337,image/jpeg,photos,typeform-2024/hp9fnusqoezmjao1fxhp9f4lk5z71v91/portrait.jpeg,uploaded,https://xqooctihpvswvibnhsbj.supabase.co/storage/v1/object/public/photos/typeform-2024/hp9fnusqoezmjao1fxhp9f4lk5z71v91/portrait.jpeg,
1,jn5wwtjze9o3asjn5wwr9ryvvwg7ti6h,rear,8B23B6A5_B656_4734_ABAF_0D079B8E0BEC.jpeg,jn5wwtjze9o3asjn5wwr9ryvvwg7ti6h/1a5e52eb487f-8B23B6A5_B656_4734_ABAF_0D079B8E0BEC.jpeg,e4876d1ea85d4f0799e0fbf0dfa89b3f44e2d55f6e5293f019c17a95802d2a21,2252764,image/jpeg,photos,typeform-2024/jn5wwtjze9o3asjn5wwr9ryvvwg7ti6h/rear.jpeg,uploaded,https://xqooctihpvswvibnhsbj.supabase.co/storage/v1/object/public/photos/typeform-2024/jn5wwtjze9o3asjn5wwr9ryvvwg7ti6h/rear.jpeg,
1,jn5wwtjze9o3asjn5wwr9ryvvwg7ti6h,portrait,0D64EEBF_0139_4164_8E75_E100D89ED2E9.jpeg,jn5wwtjze9o3asjn5wwr9ryvvwg7ti6h/29b7cf7bb814-0D64EEBF_0139_4164_8E75_E100D89ED2E9.jpeg,d9969ae5b18a7e62e8c5e97ef5f0d9099bd7ee9a29a657075bf43570dc3fbf03,1678004,image/jpeg,photos,typeform-2024/jn5wwtjze9o3asjn5wwr9ryvvwg7ti6h/portrait.jpeg,uploaded,https://xqooctihpvswvibnhsbj.supabase.co/storage/v1/object/public/photos/typeform-2024/jn5wwtjze9o3asjn5wwr9ryvvwg7ti6h/portrait.jpeg,
1,jn5wwtjze9o3asjn5wwr9ryvvwg7ti6h,front,00330B6B_8F90_4413_9ACD_6113ECEB4DCC.jpeg,jn5wwtjze9o3asjn5wwr9ryvvwg7ti6h/7c4a7f1f49e9-00330B6B_8F90_4413_9ACD_6113ECEB4DCC.jpeg,39f8f4d5aea4b21eaddad90a77d7e9b55cde08c4a8add9fa227bbf731e9ecf49,4797599,image/jpeg,photos,typeform-2024/jn5wwtjze9o3asjn5wwr9ryvvwg7ti6h/front.jpeg,uploaded,https://xqooctihpvswvibnhsbj.supabase.co/storage/v1/object/public/photos/typeform-2024/jn5wwtjze9o3asjn5wwr9ryvvwg7ti6h/front.jpeg,
1,jn5wwtjze9o3asjn5wwr9ryvvwg7ti6h,cv,D0AC3128_622F_4B9E_95CC_768BF994B744.jpeg,jn5wwtjze9o3asjn5wwr9ryvvwg7ti6h/8279546d2c09-D0AC3128_622F_4B9E_95CC_768BF994B744.jpeg,d9969ae5b18a7e62e8c5e97ef5f0d9099bd7ee9a29a657075bf43570dc3fbf03,1678004,image/jpeg,photos,typeform-2024/jn5wwtjze9o3asjn5wwr9ryvvwg7ti6h/cv.jpeg,uploaded,https://xqooctihpvswvibnhsbj.supabase.co/storage/v1/object/public/photos/typeform-2024/jn5wwtjze9o3asjn5wwr9ryvvwg7ti6h/cv.jpeg,"non-document in CV slot, routed to photos bucket"
1,k6lyhgboeachtdc4rk6lyhgboclfcqwc,rear,inbound3756056187556546028.jpg,k6lyhgboeachtdc4rk6lyhgboclfcqwc/9c54efea2cda-inbound3756056187556546028.jpg,c0a1880ab5a90d6ba850b5ac326be485c3b9a1127c9258d8a3f8cd3e99913962,75497,image/jpeg,photos,typeform-2024/k6lyhgboeachtdc4rk6lyhgboclfcqwc/rear.jpg,uploaded,https://xqooctihpvswvibnhsbj.supabase.co/storage/v1/object/public/photos/typeform-2024/k6lyhgboeachtdc4rk6lyhgboclfcqwc/rear.jpg,
1,k6lyhgboeachtdc4rk6lyhgboclfcqwc,front,inbound78059016033494604.jpg,k6lyhgboeachtdc4rk6lyhgboclfcqwc/9d49447a7051-inbound78059016033494604.jpg,25772d030ba8b5f845b37eb5af4d1d956270c388c37c8608f2f275377a93a176,165307,image/jpeg,photos,typeform-2024/k6lyhgboeachtdc4rk6lyhgboclfcqwc/front.jpg,uploaded,https://xqooctihpvswvibnhsbj.supabase.co/storage/v1/object/public/photos/typeform-2024/k6lyhgboeachtdc4rk6lyhgboclfcqwc/front.jpg,
1,k6lyhgboeachtdc4rk6lyhgboclfcqwc,cv,inbound8821766645194836936.jpg,k6lyhgboeachtdc4rk6lyhgboclfcqwc/de41529854a6-inbound8821766645194836936.jpg,842d769533b9c472f0fee3db7ceca014530f97d271afefb998b146d3d59a002f,103539,image/jpeg,photos,typeform-2024/k6lyhgboeachtdc4rk6lyhgboclfcqwc/cv.jpg,uploaded,https://xqooctihpvswvibnhsbj.supabase.co/storage/v1/object/public/photos/typeform-2024/k6lyhgboeachtdc4rk6lyhgboclfcqwc/cv.jpg,"non-document in CV slot, routed to photos bucket"
1,k6lyhgboeachtdc4rk6lyhgboclfcqwc,portrait,inbound9139393821290905896.jpg,k6lyhgboeachtdc4rk6lyhgboclfcqwc/f46e68ce0340-inbound9139393821290905896.jpg,6071ffebfe38d7bef2719b64f5e8f5483563bcceeb7a669f9a5fcb1a84735fa3,23160,image/jpeg,photos,typeform-2024/k6lyhgboeachtdc4rk6lyhgboclfcqwc/portrait.jpg,uploaded,https://xqooctihpvswvibnhsbj.supabase.co/storage/v1/object/public/photos/typeform-2024/k6lyhgboeachtdc4rk6lyhgboclfcqwc/portrait.jpg,
1,lkyssanobq64qibfx80zexglkyssanrf,rear,image.jpg,lkyssanobq64qibfx80zexglkyssanrf/307ffbc25fac-imagerear.jpg,865e95611626f4f25542ee7fc45b6983ddc22639d37b5c735d36bff5c4d59ec5,4005670,image/jpeg,photos,typeform-2024/lkyssanobq64qibfx80zexglkyssanrf/rear.jpg,uploaded,https://xqooctihpvswvibnhsbj.supabase.co/storage/v1/object/public/photos/typeform-2024/lkyssanobq64qibfx80zexglkyssanrf/rear.jpg,"slot rear read from the name, agrees with the export"
1,lkyssanobq64qibfx80zexglkyssanrf,cv,IMG_2599.jpeg,lkyssanobq64qibfx80zexglkyssanrf/93af6a6e4e33-IMG_2599.jpeg,638837e86d1567991dc3d5766f54630ba5a961ff5eff8f0ce37c543a4eaed646,52355,image/jpeg,photos,typeform-2024/lkyssanobq64qibfx80zexglkyssanrf/cv.jpeg,uploaded,https://xqooctihpvswvibnhsbj.supabase.co/storage/v1/object/public/photos/typeform-2024/lkyssanobq64qibfx80zexglkyssanrf/cv.jpeg,"non-document in CV slot, routed to photos bucket"
1,lkyssanobq64qibfx80zexglkyssanrf,front,image.jpg,lkyssanobq64qibfx80zexglkyssanrf/acdcc508dcef-imagefront.jpg,d9805fb8167bb3279b99f491686cb1e26b55627c95664bb0a7b39e129350666b,4082365,image/jpeg,photos,typeform-2024/lkyssanobq64qibfx80zexglkyssanrf/front.jpg,uploaded,https://xqooctihpvswvibnhsbj.supabase.co/storage/v1/object/public/photos/typeform-2024/lkyssanobq64qibfx80zexglkyssanrf/front.jpg,"slot front read from the name, agrees with the export"
1,lkyssanobq64qibfx80zexglkyssanrf,portrait,image.jpg,lkyssanobq64qibfx80zexglkyssanrf/bbd24138f147-imagepotrait.jpg,5ad28feefd4ab3dc23d3b8708b4ca30698d2056cb0a507d2312833e50b1cae59,3531693,image/jpeg,photos,typeform-2024/lkyssanobq64qibfx80zexglkyssanrf/portrait.jpg,uploaded,https://xqooctihpvswvibnhsbj.supabase.co/storage/v1/object/public/photos/typeform-2024/lkyssanobq64qibfx80zexglkyssanrf/portrait.jpg,"slot portrait read from the name, agrees with the export"
1,mvoo70ejom7iowtjroemvoo7vdrh4nel,cv,0A3536A3_6273_4315_8BCF_A115766C8670.jpeg,mvoo70ejom7iowtjroemvoo7vdrh4nel/5b5a8df0dc12-0A3536A3_6273_4315_8BCF_A115766C8670.jpeg,b9c427c8dfd7bc352ea84a5092d3ffd725a468e91d4dd6aa35085631f28280e2,183541,image/jpeg,photos,typeform-2024/mvoo70ejom7iowtjroemvoo7vdrh4nel/cv.jpeg,uploaded,https://xqooctihpvswvibnhsbj.supabase.co/storage/v1/object/public/photos/typeform-2024/mvoo70ejom7iowtjroemvoo7vdrh4nel/cv.jpeg,"non-document in CV slot, routed to photos bucket"
1,mvoo70ejom7iowtjroemvoo7vdrh4nel,portrait,37B4C6A1_29F8_4639_8A7F_69E6C7E20BC2.jpeg,mvoo70ejom7iowtjroemvoo7vdrh4nel/7768fff4c51e-37B4C6A1_29F8_4639_8A7F_69E6C7E20BC2.jpeg,895e4279be4653e9d3fecbc6340a9e6ccfdb5a59ff616eec411a9800a3b5a77d,301377,image/jpeg,photos,typeform-2024/mvoo70ejom7iowtjroemvoo7vdrh4nel/portrait.jpeg,uploaded,https://xqooctihpvswvibnhsbj.supabase.co/storage/v1/object/public/photos/typeform-2024/mvoo70ejom7iowtjroemvoo7vdrh4nel/portrait.jpeg,
1,mvoo70ejom7iowtjroemvoo7vdrh4nel,rear,98C21D8C_5671_4C63_8A8D_F25F3ABAD258.jpeg,mvoo70ejom7iowtjroemvoo7vdrh4nel/b46cc551498a-98C21D8C_5671_4C63_8A8D_F25F3ABAD258.jpeg,c7673d5c1624ca3f117c6017a7f807c8991884e8763cf2e59647a59fccaa75c1,51647,image/jpeg,photos,typeform-2024/mvoo70ejom7iowtjroemvoo7vdrh4nel/rear.jpeg,uploaded,https://xqooctihpvswvibnhsbj.supabase.co/storage/v1/object/public/photos/typeform-2024/mvoo70ejom7iowtjroemvoo7vdrh4nel/rear.jpeg,
1,mvoo70ejom7iowtjroemvoo7vdrh4nel,front,541CDE27_E3C6_44A6_9EAD_534053C23368.jpeg,mvoo70ejom7iowtjroemvoo7vdrh4nel/f3bddb40041c-541CDE27_E3C6_44A6_9EAD_534053C23368.jpeg,807a3c5bfa23674739afd8750fb4984abfc8f1f5f69951133aa052448941ceba,122725,image/jpeg,photos,typeform-2024/mvoo70ejom7iowtjroemvoo7vdrh4nel/front.jpeg,uploaded,https://xqooctihpvswvibnhsbj.supabase.co/storage/v1/object/public/photos/typeform-2024/mvoo70ejom7iowtjroemvoo7vdrh4nel/front.jpeg,
1,nyz3g3yvmo0zpmn41uecnyz3gtu3mke6,rear,B6DA4ED0_ABE6_40DF_B11E_9C8CEE30526D.png,nyz3g3yvmo0zpmn41uecnyz3gtu3mke6/3342f67608dd-B6DA4ED0_ABE6_40DF_B11E_9C8CEE30526D.png,14111b37c87e1781c9a57f2d2644c47576a43ed50f62b226a7f0720e1bc5c173,3631454,image/png,photos,typeform-2024/nyz3g3yvmo0zpmn41uecnyz3gtu3mke6/rear.png,uploaded,https://xqooctihpvswvibnhsbj.supabase.co/storage/v1/object/public/photos/typeform-2024/nyz3g3yvmo0zpmn41uecnyz3gtu3mke6/rear.png,
1,nyz3g3yvmo0zpmn41uecnyz3gtu3mke6,front,E383055E_CE04_4DCD_BC8B_6E11D19C26F4.jpeg,nyz3g3yvmo0zpmn41uecnyz3gtu3mke6/79cc0e2fa02a-E383055E_CE04_4DCD_BC8B_6E11D19C26F4.jpeg,82bfe9964cad5bf4a6f35d388e55a62b66da3ed7c1c4c3812b19929dcb3974ff,230996,image/jpeg,photos,typeform-2024/nyz3g3yvmo0zpmn41uecnyz3gtu3mke6/front.jpeg,uploaded,https://xqooctihpvswvibnhsbj.supabase.co/storage/v1/object/public/photos/typeform-2024/nyz3g3yvmo0zpmn41uecnyz3gtu3mke6/front.jpeg,
1,nyz3g3yvmo0zpmn41uecnyz3gtu3mke6,portrait,075E0A13_6B5F_4B2D_AF5C_6AD70CCB0D5B.jpeg,nyz3g3yvmo0zpmn41uecnyz3gtu3mke6/87692e8b3e80-075E0A13_6B5F_4B2D_AF5C_6AD70CCB0D5B.jpeg,f666d0b24b5d94a82149b081776151c05149e9e3b25819658add447d8db36411,239615,image/jpeg,photos,typeform-2024/nyz3g3yvmo0zpmn41uecnyz3gtu3mke6/portrait.jpeg,uploaded,https://xqooctihpvswvibnhsbj.supabase.co/storage/v1/object/public/photos/typeform-2024/nyz3g3yvmo0zpmn41uecnyz3gtu3mke6/portrait.jpeg,
1,nyz3g3yvmo0zpmn41uecnyz3gtu3mke6,cv,0D3C9A01_9C95_4B5C_AFE4_94C54312A03C.jpeg,nyz3g3yvmo0zpmn41uecnyz3gtu3mke6/a240ba17d37e-0D3C9A01_9C95_4B5C_AFE4_94C54312A03C.jpeg,022b585224a055d3f6594099278dbd4380a48851c0247eee983dcce93aa31711,47372,image/jpeg,photos,typeform-2024/nyz3g3yvmo0zpmn41uecnyz3gtu3mke6/cv.jpeg,uploaded,https://xqooctihpvswvibnhsbj.supabase.co/storage/v1/object/public/photos/typeform-2024/nyz3g3yvmo0zpmn41uecnyz3gtu3mke6/cv.jpeg,"non-document in CV slot, routed to photos bucket"
1,o09jmhdfmzk047z9ddo09jmvsmsy8w5d,front,B8A16F7E_5D75_4E2A_8A7E_3C53AD16E40B.jpeg,o09jmhdfmzk047z9ddo09jmvsmsy8w5d/47c88fadf8a8-B8A16F7E_5D75_4E2A_8A7E_3C53AD16E40B.jpeg,22d766252773014c6d048ce8e5348ec8cc16ab58e0e3012bbe3b3f75556fda74,226743,image/jpeg,photos,typeform-2024/o09jmhdfmzk047z9ddo09jmvsmsy8w5d/front.jpeg,uploaded,https://xqooctihpvswvibnhsbj.supabase.co/storage/v1/object/public/photos/typeform-2024/o09jmhdfmzk047z9ddo09jmvsmsy8w5d/front.jpeg,
1,o09jmhdfmzk047z9ddo09jmvsmsy8w5d,cv,E2F8FAFA_1574_4657_A361_B902FB80D318.jpeg,o09jmhdfmzk047z9ddo09jmvsmsy8w5d/80b9e502c9fe-E2F8FAFA_1574_4657_A361_B902FB80D318.jpeg,f55f5f166bdbae207f702e1f4a94c8bda50b046c1cd78a67afb9ee5fdf39f9f8,303071,image/jpeg,photos,typeform-2024/o09jmhdfmzk047z9ddo09jmvsmsy8w5d/cv.jpeg,uploaded,https://xqooctihpvswvibnhsbj.supabase.co/storage/v1/object/public/photos/typeform-2024/o09jmhdfmzk047z9ddo09jmvsmsy8w5d/cv.jpeg,"non-document in CV slot, routed to photos bucket"
1,o09jmhdfmzk047z9ddo09jmvsmsy8w5d,rear,0A32967D_0AB9_4B9F_AA06_70DC828A8240.jpeg,o09jmhdfmzk047z9ddo09jmvsmsy8w5d/9b78f67cc25b-0A32967D_0AB9_4B9F_AA06_70DC828A8240.jpeg,26a5e937c1d74119a801eefa4c93fe048408554984f8cd505cfc69f046739bc7,3310139,image/jpeg,photos,typeform-2024/o09jmhdfmzk047z9ddo09jmvsmsy8w5d/rear.jpeg,uploaded,https://xqooctihpvswvibnhsbj.supabase.co/storage/v1/object/public/photos/typeform-2024/o09jmhdfmzk047z9ddo09jmvsmsy8w5d/rear.jpeg,
1,o09jmhdfmzk047z9ddo09jmvsmsy8w5d,portrait,A837D55D_49D8_41E2_A6AE_1D50D07D7A40.jpeg,o09jmhdfmzk047z9ddo09jmvsmsy8w5d/a898eb784ab8-A837D55D_49D8_41E2_A6AE_1D50D07D7A40.jpeg,69d22a65964e9d6814f721e4e3a449aa6d73e678e61aa98653d5312c4a36661c,107792,image/jpeg,photos,typeform-2024/o09jmhdfmzk047z9ddo09jmvsmsy8w5d/portrait.jpeg,uploaded,https://xqooctihpvswvibnhsbj.supabase.co/storage/v1/object/public/photos/typeform-2024/o09jmhdfmzk047z9ddo09jmvsmsy8w5d/portrait.jpeg,
1,otjzpioh7ipy6rssh9otjzwgtytpt6o9,front,Screenshot_20240530_111348_Instagram.jpg,otjzpioh7ipy6rssh9otjzwgtytpt6o9/0582668453a8-Screenshot_20240530_111348_Instagram.jpg,dbc2ec6caf6fd06d4d9adde48461e187717bc7e0b4fa5f904564ff7a2f79e06d,557529,image/jpeg,photos,typeform-2024/otjzpioh7ipy6rssh9otjzwgtytpt6o9/front.jpg,uploaded,https://xqooctihpvswvibnhsbj.supabase.co/storage/v1/object/public/photos/typeform-2024/otjzpioh7ipy6rssh9otjzwgtytpt6o9/front.jpg,"one file filling 2 slots: front, rear (--relaxed); 2 identical copies dropped, one uploaded"
1,otjzpioh7ipy6rssh9otjzwgtytpt6o9,rear,Screenshot_20240530_111348_Instagram.jpg,otjzpioh7ipy6rssh9otjzwgtytpt6o9/0582668453a8-Screenshot_20240530_111348_Instagram.jpg,dbc2ec6caf6fd06d4d9adde48461e187717bc7e0b4fa5f904564ff7a2f79e06d,557529,image/jpeg,photos,typeform-2024/otjzpioh7ipy6rssh9otjzwgtytpt6o9/rear.jpg,uploaded,https://xqooctihpvswvibnhsbj.supabase.co/storage/v1/object/public/photos/typeform-2024/otjzpioh7ipy6rssh9otjzwgtytpt6o9/rear.jpg,"one file filling 2 slots: front, rear (--relaxed)"
1,otjzpioh7ipy6rssh9otjzwgtytpt6o9,portrait,1717067021420236491426836237408.jpg,otjzpioh7ipy6rssh9otjzwgtytpt6o9/ae5ac55d6560-1717067021420236491426836237408potrait.jpg,9992e3a0552607cc3bea81058f1bcb1c4b0b2867cfb6b8c21403f4e628869883,817798,image/jpeg,photos,typeform-2024/otjzpioh7ipy6rssh9otjzwgtytpt6o9/portrait.jpg,uploaded,https://xqooctihpvswvibnhsbj.supabase.co/storage/v1/object/public/photos/typeform-2024/otjzpioh7ipy6rssh9otjzwgtytpt6o9/portrait.jpg,"slot portrait read from the name, agrees with the export"
1,otjzpioh7ipy6rssh9otjzwgtytpt6o9,cv,AIKINS_KYEI_BAFFOUR_PLAYER_CV_240530_110224.pdf,otjzpioh7ipy6rssh9otjzwgtytpt6o9/b70078ff48c6-AIKINS_KYEI_BAFFOUR_PLAYER_CV_240530_110224.pdf,e2e69e9e198abab8a318bc6c215e6847e3feaaa26cb0d3bf9c9146e5f48aa085,211953,application/pdf,cvs,typeform-2024/otjzpioh7ipy6rssh9otjzwgtytpt6o9/cv.pdf,uploaded,https://xqooctihpvswvibnhsbj.supabase.co/storage/v1/object/public/cvs/typeform-2024/otjzpioh7ipy6rssh9otjzwgtytpt6o9/cv.pdf,
1,q6c2km7ct7soy9erq64nartmai1hr82y,rear,IMG_2703.jpg,q6c2km7ct7soy9erq64nartmai1hr82y/1c6da2d3d439-IMG_2703.jpg,7cc2d5cdd79762786f8de274041fe695438730bad80af378dac12783b5baf03d,1581341,image/jpeg,photos,typeform-2024/q6c2km7ct7soy9erq64nartmai1hr82y/rear.jpg,uploaded,https://xqooctihpvswvibnhsbj.supabase.co/storage/v1/object/public/photos/typeform-2024/q6c2km7ct7soy9erq64nartmai1hr82y/rear.jpg,
1,q6c2km7ct7soy9erq64nartmai1hr82y,cv,CURRICULUM_VITAE_FC.pdf,q6c2km7ct7soy9erq64nartmai1hr82y/31a5025e8b3d-CURRICULUM_VITAE_FC.pdf,6fc99e08ce0c5a628d6ff7e3c767075f2adacf673ff5a3b85ea9ec26dd35ec5e,135740,application/pdf,cvs,typeform-2024/q6c2km7ct7soy9erq64nartmai1hr82y/cv.pdf,uploaded,https://xqooctihpvswvibnhsbj.supabase.co/storage/v1/object/public/cvs/typeform-2024/q6c2km7ct7soy9erq64nartmai1hr82y/cv.pdf,
1,q6c2km7ct7soy9erq64nartmai1hr82y,front,355F569B_335A_4081_81C3_7BCDF2BA84D7.jpeg,q6c2km7ct7soy9erq64nartmai1hr82y/5cab988c764b-355F569B_335A_4081_81C3_7BCDF2BA84D7.jpeg,607f31c40b2fa5864fabbfa401ce228f1e0eb6d5b78afe1796d6c1219ae71b41,1706977,image/jpeg,photos,typeform-2024/q6c2km7ct7soy9erq64nartmai1hr82y/front.jpeg,uploaded,https://xqooctihpvswvibnhsbj.supabase.co/storage/v1/object/public/photos/typeform-2024/q6c2km7ct7soy9erq64nartmai1hr82y/front.jpeg,
1,q6c2km7ct7soy9erq64nartmai1hr82y,portrait,6D51B159_C297_4A2C_B22E_B8E9490E278E.jpeg,q6c2km7ct7soy9erq64nartmai1hr82y/5f8f6a54f73e-6D51B159_C297_4A2C_B22E_B8E9490E278E.jpeg,55936b76b3ee936b2ff963c07722f4cdbe97a381c5c3b2924d900bd0fbecabc9,233421,image/jpeg,photos,typeform-2024/q6c2km7ct7soy9erq64nartmai1hr82y/portrait.jpeg,uploaded,https://xqooctihpvswvibnhsbj.supabase.co/storage/v1/object/public/photos/typeform-2024/q6c2km7ct7soy9erq64nartmai1hr82y/portrait.jpeg,
1,qc0p1ekdcgwbbemn7qc0p17mmfr4xhyz,portrait,19BCBED5_C741_416A_97E7_45A36B020D69.jpeg,qc0p1ekdcgwbbemn7qc0p17mmfr4xhyz/02914e8328d4-19BCBED5_C741_416A_97E7_45A36B020D69.jpeg,1c49e67a58cb4b08112c040e24524343c8f9cc5ce1cf1dae1b071a801ead28bc,312359,image/jpeg,photos,typeform-2024/qc0p1ekdcgwbbemn7qc0p17mmfr4xhyz/portrait.jpeg,uploaded,https://xqooctihpvswvibnhsbj.supabase.co/storage/v1/object/public/photos/typeform-2024/qc0p1ekdcgwbbemn7qc0p17mmfr4xhyz/portrait.jpeg,
1,qc0p1ekdcgwbbemn7qc0p17mmfr4xhyz,front,B1DA5864_C32F_4B5F_AE53_58E100A4CCEC.jpeg,qc0p1ekdcgwbbemn7qc0p17mmfr4xhyz/2387cddc6721-B1DA5864_C32F_4B5F_AE53_58E100A4CCEC.jpeg,0529a155ff3796b121027cae89f0cb16f33d97f01fe086f897bdd36f8c8d4a86,107608,image/jpeg,photos,typeform-2024/qc0p1ekdcgwbbemn7qc0p17mmfr4xhyz/front.jpeg,uploaded,https://xqooctihpvswvibnhsbj.supabase.co/storage/v1/object/public/photos/typeform-2024/qc0p1ekdcgwbbemn7qc0p17mmfr4xhyz/front.jpeg,
1,qc0p1ekdcgwbbemn7qc0p17mmfr4xhyz,rear,A91270ED_9B36_4E66_B02A_B4C323744822.jpeg,qc0p1ekdcgwbbemn7qc0p17mmfr4xhyz/9fa2e36b2511-A91270ED_9B36_4E66_B02A_B4C323744822.jpeg,179885eaf0e577ab5ffc0c3ebe229d46fa58e566f5d6b5c94bb304018881ffe5,430756,image/jpeg,photos,typeform-2024/qc0p1ekdcgwbbemn7qc0p17mmfr4xhyz/rear.jpeg,uploaded,https://xqooctihpvswvibnhsbj.supabase.co/storage/v1/object/public/photos/typeform-2024/qc0p1ekdcgwbbemn7qc0p17mmfr4xhyz/rear.jpeg,
1,qc0p1ekdcgwbbemn7qc0p17mmfr4xhyz,cv,Football_cv.docx,qc0p1ekdcgwbbemn7qc0p17mmfr4xhyz/e12f76615673-Football_cv.docx,f49c413a0edee8557a55ab4db7d01aae03181cd08c021439cf192b24b7195cd9,18171,application/vnd.openxmlformats-officedocument.wordprocessingml.document,cvs,typeform-2024/qc0p1ekdcgwbbemn7qc0p17mmfr4xhyz/cv.docx,uploaded,https://xqooctihpvswvibnhsbj.supabase.co/storage/v1/object/public/cvs/typeform-2024/qc0p1ekdcgwbbemn7qc0p17mmfr4xhyz/cv.docx,
1,qkazgjd2bk2yeee2w1uqkaz7eugz9502,front,Brempong_FFv.docx,qkazgjd2bk2yeee2w1uqkaz7eugz9502/1aa481586507-Brempong_FFv.docx,29ebde7f2cd5b5f0c8a5411e0d8a5be21c0c3499002e880b2f357856a7986d3d,688503,application/vnd.openxmlformats-officedocument.wordprocessingml.document,cvs,typeform-2024/qkazgjd2bk2yeee2w1uqkaz7eugz9502/front.docx,uploaded,https://xqooctihpvswvibnhsbj.supabase.co/storage/v1/object/public/cvs/typeform-2024/qkazgjd2bk2yeee2w1uqkaz7eugz9502/front.docx,
1,qkazgjd2bk2yeee2w1uqkaz7eugz9502,cv,Document__3_.docx,qkazgjd2bk2yeee2w1uqkaz7eugz9502/9f077e02b340-Document__3_.docx,6670d44be7561fcca3f10ba7887c01514457f7ee55f5bd8d3cb744764851a737,13102,application/vnd.openxmlformats-officedocument.wordprocessingml.document,cvs,typeform-2024/qkazgjd2bk2yeee2w1uqkaz7eugz9502/cv.docx,uploaded,https://xqooctihpvswvibnhsbj.supabase.co/storage/v1/object/public/cvs/typeform-2024/qkazgjd2bk2yeee2w1uqkaz7eugz9502/cv.docx,
1,qkazgjd2bk2yeee2w1uqkaz7eugz9502,rear,Brempong_FRV.docx,qkazgjd2bk2yeee2w1uqkaz7eugz9502/d6cb3974ccf9-Brempong_FRV.docx,dcabc0fcc914d5aaedabe82947d502a7509dd1397f2c3072ec4cb9fa74ee58e3,596403,application/vnd.openxmlformats-officedocument.wordprocessingml.document,cvs,typeform-2024/qkazgjd2bk2yeee2w1uqkaz7eugz9502/rear.docx,uploaded,https://xqooctihpvswvibnhsbj.supabase.co/storage/v1/object/public/cvs/typeform-2024/qkazgjd2bk2yeee2w1uqkaz7eugz9502/rear.docx,
1,qkazgjd2bk2yeee2w1uqkaz7eugz9502,portrait,Brempong_portrait.docx,qkazgjd2bk2yeee2w1uqkaz7eugz9502/f54cdf872c92-Brempong_portrait.docx,fe9133e5b3dc6cb9a712e29b2f49e6a276cf03c26f304652902881c7510192ad,884036,application/vnd.openxmlformats-officedocument.wordprocessingml.document,cvs,typeform-2024/qkazgjd2bk2yeee2w1uqkaz7eugz9502/portrait.docx,uploaded,https://xqooctihpvswvibnhsbj.supabase.co/storage/v1/object/public/cvs/typeform-2024/qkazgjd2bk2yeee2w1uqkaz7eugz9502/portrait.docx,
1,r2axjdg57j1f0wx8mpr2ax35dxzp25uz,cv,MichelCV_KB__2022.pptx,r2axjdg57j1f0wx8mpr2ax35dxzp25uz/5cba24bdd638-MichelCV_KB__2022.pptx,5020e120aafb841dd2518e9b9e9c1e3df2f9574e13063bccc76229a09675adbf,2653144,application/vnd.openxmlformats-officedocument.presentationml.presentation,cvs,typeform-2024/r2axjdg57j1f0wx8mpr2ax35dxzp25uz/cv.pptx,uploaded,https://xqooctihpvswvibnhsbj.supabase.co/storage/v1/object/public/cvs/typeform-2024/r2axjdg57j1f0wx8mpr2ax35dxzp25uz/cv.pptx,
1,r2axjdg57j1f0wx8mpr2ax35dxzp25uz,rear,DFEEC53A_863C_444F_B782_99910E86FF96.jpeg,r2axjdg57j1f0wx8mpr2ax35dxzp25uz/65c0f13d2d60-DFEEC53A_863C_444F_B782_99910E86FF96.jpeg,dfbe08540625f4b39b9e0da2fedd7bc8369a21f905d056cdb2d720a50ee188ab,383918,image/jpeg,photos,typeform-2024/r2axjdg57j1f0wx8mpr2ax35dxzp25uz/rear.jpeg,uploaded,https://xqooctihpvswvibnhsbj.supabase.co/storage/v1/object/public/photos/typeform-2024/r2axjdg57j1f0wx8mpr2ax35dxzp25uz/rear.jpeg,
1,r2axjdg57j1f0wx8mpr2ax35dxzp25uz,front,2F7619EE_D11B_4096_889E_1D7CA8460CB6.jpeg,r2axjdg57j1f0wx8mpr2ax35dxzp25uz/8ac3da259713-2F7619EE_D11B_4096_889E_1D7CA8460CB6.jpeg,c97bd7aa980aadd090ade18ad4bba62eb18f0b01134fe7a427509b2f7323dd43,413075,image/jpeg,photos,typeform-2024/r2axjdg57j1f0wx8mpr2ax35dxzp25uz/front.jpeg,uploaded,https://xqooctihpvswvibnhsbj.supabase.co/storage/v1/object/public/photos/typeform-2024/r2axjdg57j1f0wx8mpr2ax35dxzp25uz/front.jpeg,
1,r2axjdg57j1f0wx8mpr2ax35dxzp25uz,portrait,FD8FAB96_86C2_4559_99ED_A45E031C7E9A.jpeg,r2axjdg57j1f0wx8mpr2ax35dxzp25uz/ef131ab0cd4a-FD8FAB96_86C2_4559_99ED_A45E031C7E9A.jpeg,41ebd9806158ed628abe25cd9d78841c8bd9234aba999896b7663926a2d17af0,369713,image/jpeg,photos,typeform-2024/r2axjdg57j1f0wx8mpr2ax35dxzp25uz/portrait.jpeg,uploaded,https://xqooctihpvswvibnhsbj.supabase.co/storage/v1/object/public/photos/typeform-2024/r2axjdg57j1f0wx8mpr2ax35dxzp25uz/portrait.jpeg,
1,s2eggrl3u73z8s2etzdtvm26vo4xrcqq,rear,20240109_133548.jpg,s2eggrl3u73z8s2etzdtvm26vo4xrcqq/22ed14ccda61-20240109_133548.jpg,cfa9041d211db0bcdfe8ddd0d09682aac5ac1b4f3b9f8e68a12d6c4f83023585,540171,image/jpeg,photos,typeform-2024/s2eggrl3u73z8s2etzdtvm26vo4xrcqq/rear.jpg,uploaded,https://xqooctihpvswvibnhsbj.supabase.co/storage/v1/object/public/photos/typeform-2024/s2eggrl3u73z8s2etzdtvm26vo4xrcqq/rear.jpg,
1,s2eggrl3u73z8s2etzdtvm26vo4xrcqq,front,20240109_133752.jpg,s2eggrl3u73z8s2etzdtvm26vo4xrcqq/47a1437caeb4-20240109_133752.jpg,ad3073546902367e9f5db255385914a1dc0e2abe97ec3f65a4262561ec088601,727275,image/jpeg,photos,typeform-2024/s2eggrl3u73z8s2etzdtvm26vo4xrcqq/front.jpg,uploaded,https://xqooctihpvswvibnhsbj.supabase.co/storage/v1/object/public/photos/typeform-2024/s2eggrl3u73z8s2etzdtvm26vo4xrcqq/front.jpg,
1,s2eggrl3u73z8s2etzdtvm26vo4xrcqq,cv,EDEM_FOOTBALL_CV.pdf,s2eggrl3u73z8s2etzdtvm26vo4xrcqq/83a4330f0fd6-EDEM_FOOTBALL_CV.pdf,b5d3b9ca80f8e33ddf8d031c73f6c4fe8da9d9acd35a5fb09fed53293530683a,45247,application/pdf,cvs,typeform-2024/s2eggrl3u73z8s2etzdtvm26vo4xrcqq/cv.pdf,uploaded,https://xqooctihpvswvibnhsbj.supabase.co/storage/v1/object/public/cvs/typeform-2024/s2eggrl3u73z8s2etzdtvm26vo4xrcqq/cv.pdf,
1,s2eggrl3u73z8s2etzdtvm26vo4xrcqq,portrait,20240109_133713.jpg,s2eggrl3u73z8s2etzdtvm26vo4xrcqq/a30d80750341-20240109_133713.jpg,efd00e55a18a15284bfc35061e8fe48db478bf3d7aad53914f969c8e15161fae,695220,image/jpeg,photos,typeform-2024/s2eggrl3u73z8s2etzdtvm26vo4xrcqq/portrait.jpg,uploaded,https://xqooctihpvswvibnhsbj.supabase.co/storage/v1/object/public/photos/typeform-2024/s2eggrl3u73z8s2etzdtvm26vo4xrcqq/portrait.jpg,
1,so7pw854c0tn3sl51oso7pwg4rhan3n9,rear,B277DFFD_F7C4_4838_91F0_56D1DC48FB47.jpeg,so7pw854c0tn3sl51oso7pwg4rhan3n9/98afeb64ee3c-B277DFFD_F7C4_4838_91F0_56D1DC48FB47.jpeg,9f618774591169a5425cc23ed6440524a997efb73c132f41e09258b89eaff3d4,108776,image/jpeg,photos,typeform-2024/so7pw854c0tn3sl51oso7pwg4rhan3n9/rear.jpeg,uploaded,https://xqooctihpvswvibnhsbj.supabase.co/storage/v1/object/public/photos/typeform-2024/so7pw854c0tn3sl51oso7pwg4rhan3n9/rear.jpeg,
1,so7pw854c0tn3sl51oso7pwg4rhan3n9,portrait,7D5FE1BB_35DD_4749_AE4A_81F954A5F543.jpeg,so7pw854c0tn3sl51oso7pwg4rhan3n9/b9130eef21fa-7D5FE1BB_35DD_4749_AE4A_81F954A5F543.jpeg,5cc082cf0ae98d96b84b518aed28a3a00d2707de830c74bb9e6f3fb545f92af9,34863,image/jpeg,photos,typeform-2024/so7pw854c0tn3sl51oso7pwg4rhan3n9/portrait.jpeg,uploaded,https://xqooctihpvswvibnhsbj.supabase.co/storage/v1/object/public/photos/typeform-2024/so7pw854c0tn3sl51oso7pwg4rhan3n9/portrait.jpeg,
1,so7pw854c0tn3sl51oso7pwg4rhan3n9,cv,80E45423_A836_4088_AA6F_FE71959F02EB.jpeg,so7pw854c0tn3sl51oso7pwg4rhan3n9/d44ed01ac068-80E45423_A836_4088_AA6F_FE71959F02EB.jpeg,b9c427c8dfd7bc352ea84a5092d3ffd725a468e91d4dd6aa35085631f28280e2,183541,image/jpeg,photos,typeform-2024/so7pw854c0tn3sl51oso7pwg4rhan3n9/cv.jpeg,uploaded,https://xqooctihpvswvibnhsbj.supabase.co/storage/v1/object/public/photos/typeform-2024/so7pw854c0tn3sl51oso7pwg4rhan3n9/cv.jpeg,"non-document in CV slot, routed to photos bucket"
1,so7pw854c0tn3sl51oso7pwg4rhan3n9,front,70B99A14_B435_44B0_8E76_1BD4B53C7EAC.jpeg,so7pw854c0tn3sl51oso7pwg4rhan3n9/dfcaaa36b775-70B99A14_B435_44B0_8E76_1BD4B53C7EAC.jpeg,551017b8f72bb6d36ac0164509218fcd4e5310069ddb7ef926f3974b05582601,35895,image/jpeg,photos,typeform-2024/so7pw854c0tn3sl51oso7pwg4rhan3n9/front.jpeg,uploaded,https://xqooctihpvswvibnhsbj.supabase.co/storage/v1/object/public/photos/typeform-2024/so7pw854c0tn3sl51oso7pwg4rhan3n9/front.jpeg,
1,sxg7rqjmqjau4d4lnjtsxg7rgugpva5l,rear,IMG_20230504_193315.jpg,sxg7rqjmqjau4d4lnjtsxg7rgugpva5l/0266eb8f823d-IMG_20230504_193315.jpg,37e01699213850e311cb5523ebe0d59bc374a921a50861abe0a61b690d4d81f1,2115766,image/jpeg,photos,typeform-2024/sxg7rqjmqjau4d4lnjtsxg7rgugpva5l/rear.jpg,uploaded,https://xqooctihpvswvibnhsbj.supabase.co/storage/v1/object/public/photos/typeform-2024/sxg7rqjmqjau4d4lnjtsxg7rgugpva5l/rear.jpg,
1,sxg7rqjmqjau4d4lnjtsxg7rgugpva5l,portrait,IMG_20210906_WA0042_101539.jpg,sxg7rqjmqjau4d4lnjtsxg7rgugpva5l/489656d37bf7-IMG_20210906_WA0042_101539.jpg,579d1fbe2b0a6e286e713d0e8b9414e9ca4f8a8e378b979172acb3ca763350ca,49551,image/jpeg,photos,typeform-2024/sxg7rqjmqjau4d4lnjtsxg7rgugpva5l/portrait.jpg,uploaded,https://xqooctihpvswvibnhsbj.supabase.co/storage/v1/object/public/photos/typeform-2024/sxg7rqjmqjau4d4lnjtsxg7rgugpva5l/portrait.jpg,
1,sxg7rqjmqjau4d4lnjtsxg7rgugpva5l,front,IMG_20230504_193304.jpg,sxg7rqjmqjau4d4lnjtsxg7rgugpva5l/b3141a67a101-IMG_20230504_193304.jpg,ff164da8dfc0d169e3cbf9b8848b4c3cc03bd005245911bc022859569eebd25f,2138659,image/jpeg,photos,typeform-2024/sxg7rqjmqjau4d4lnjtsxg7rgugpva5l/front.jpg,uploaded,https://xqooctihpvswvibnhsbj.supabase.co/storage/v1/object/public/photos/typeform-2024/sxg7rqjmqjau4d4lnjtsxg7rgugpva5l/front.jpg,
1,sxg7rqjmqjau4d4lnjtsxg7rgugpva5l,cv,CURRICULUM__VITAE_1.pdf,sxg7rqjmqjau4d4lnjtsxg7rgugpva5l/c8e39a9e0267-CURRICULUM__VITAE_1.pdf,0d28f3556b55266b42eae8aaaa2966d2bf5da16faf5480f0f2c720e588e762ce,92591,application/pdf,cvs,typeform-2024/sxg7rqjmqjau4d4lnjtsxg7rgugpva5l/cv.pdf,uploaded,https://xqooctihpvswvibnhsbj.supabase.co/storage/v1/object/public/cvs/typeform-2024/sxg7rqjmqjau4d4lnjtsxg7rgugpva5l/cv.pdf,
1,tb6xyx69yhm2iozwetb6xyqaiq76rlj8,cv,Soccer_Cv_.pdf,tb6xyx69yhm2iozwetb6xyqaiq76rlj8/75bba55f78e7-Soccer_Cv_.pdf,ffeed960e922b42f8a2f36ceebc926985d60749db389ac8cead6b5df6ec74710,32497,application/pdf,cvs,typeform-2024/tb6xyx69yhm2iozwetb6xyqaiq76rlj8/cv.pdf,uploaded,https://xqooctihpvswvibnhsbj.supabase.co/storage/v1/object/public/cvs/typeform-2024/tb6xyx69yhm2iozwetb6xyqaiq76rlj8/cv.pdf,
1,tb6xyx69yhm2iozwetb6xyqaiq76rlj8,portrait,c6d96a33_5257_48c8_8486_75c2d90b669e.jpeg,tb6xyx69yhm2iozwetb6xyqaiq76rlj8/c930227ac82d-c6d96a33_5257_48c8_8486_75c2d90b669e.jpeg,b80a948674dbb56bba61487ee7c70b1bcfcb30f53fcb1b5e6e723995aae1b7ca,66904,image/jpeg,photos,typeform-2024/tb6xyx69yhm2iozwetb6xyqaiq76rlj8/portrait.jpeg,uploaded,https://xqooctihpvswvibnhsbj.supabase.co/storage/v1/object/public/photos/typeform-2024/tb6xyx69yhm2iozwetb6xyqaiq76rlj8/portrait.jpeg,"one file filling 3 slots: portrait, front, rear (--relaxed); 2 identical copies dropped, one uploaded"
1,tb6xyx69yhm2iozwetb6xyqaiq76rlj8,front,c6d96a33_5257_48c8_8486_75c2d90b669e.jpeg,tb6xyx69yhm2iozwetb6xyqaiq76rlj8/c930227ac82d-c6d96a33_5257_48c8_8486_75c2d90b669e.jpeg,b80a948674dbb56bba61487ee7c70b1bcfcb30f53fcb1b5e6e723995aae1b7ca,66904,image/jpeg,photos,typeform-2024/tb6xyx69yhm2iozwetb6xyqaiq76rlj8/front.jpeg,uploaded,https://xqooctihpvswvibnhsbj.supabase.co/storage/v1/object/public/photos/typeform-2024/tb6xyx69yhm2iozwetb6xyqaiq76rlj8/front.jpeg,"one file filling 3 slots: portrait, front, rear (--relaxed); 3 identical copies dropped, one uploaded"
1,tb6xyx69yhm2iozwetb6xyqaiq76rlj8,rear,c6d96a33_5257_48c8_8486_75c2d90b669e.jpeg,tb6xyx69yhm2iozwetb6xyqaiq76rlj8/c930227ac82d-c6d96a33_5257_48c8_8486_75c2d90b669e.jpeg,b80a948674dbb56bba61487ee7c70b1bcfcb30f53fcb1b5e6e723995aae1b7ca,66904,image/jpeg,photos,typeform-2024/tb6xyx69yhm2iozwetb6xyqaiq76rlj8/rear.jpeg,uploaded,https://xqooctihpvswvibnhsbj.supabase.co/storage/v1/object/public/photos/typeform-2024/tb6xyx69yhm2iozwetb6xyqaiq76rlj8/rear.jpeg,"one file filling 3 slots: portrait, front, rear (--relaxed); 2 identical copies dropped, one uploaded"
1,tj901eqp6d708zn91pjtj901yhqs9xi8,front,IMG_20230502_WA0001.jpg,tj901eqp6d708zn91pjtj901yhqs9xi8/18f160da9191-IMG_20230502_WA0001.jpg,53d670db690028d531e29ab54fd2dcbcacee922f3c13e63ca57301c714d3ed0c,131712,image/jpeg,photos,typeform-2024/tj901eqp6d708zn91pjtj901yhqs9xi8/front.jpg,uploaded,https://xqooctihpvswvibnhsbj.supabase.co/storage/v1/object/public/photos/typeform-2024/tj901eqp6d708zn91pjtj901yhqs9xi8/front.jpg,
1,tj901eqp6d708zn91pjtj901yhqs9xi8,cv,Screenshot_20230502_181908_1.png,tj901eqp6d708zn91pjtj901yhqs9xi8/6e4e62ca641d-Screenshot_20230502_181908_1.png,48c67a6af48d7cbdabf07910d94693f5bf49bc51dcf6f8c82dc4c068cf548d73,229621,image/jpeg,photos,typeform-2024/tj901eqp6d708zn91pjtj901yhqs9xi8/cv.jpg,uploaded,https://xqooctihpvswvibnhsbj.supabase.co/storage/v1/object/public/photos/typeform-2024/tj901eqp6d708zn91pjtj901yhqs9xi8/cv.jpg,"named .png but the bytes are .jpg, stored as .jpg (--relaxed); non-document in CV slot, routed to photos bucket"
1,tj901eqp6d708zn91pjtj901yhqs9xi8,rear,IMG_20230502_WA0000.jpg,tj901eqp6d708zn91pjtj901yhqs9xi8/98a016a0d475-IMG_20230502_WA0000.jpg,2b1beb8d8eccbb42397ce92b9942f340f29dfcae93662a5f1fbaadd496838319,60771,image/jpeg,photos,typeform-2024/tj901eqp6d708zn91pjtj901yhqs9xi8/rear.jpg,uploaded,https://xqooctihpvswvibnhsbj.supabase.co/storage/v1/object/public/photos/typeform-2024/tj901eqp6d708zn91pjtj901yhqs9xi8/rear.jpg,
1,tj901eqp6d708zn91pjtj901yhqs9xi8,portrait,FB_IMG_1661494719508_2.jpg,tj901eqp6d708zn91pjtj901yhqs9xi8/ddf1f963a7e8-FB_IMG_1661494719508_2.jpg,f7653f6e1568629e22c82a5e51356bae794e69526abdfb94a93af69ac3990d48,85148,image/jpeg,photos,typeform-2024/tj901eqp6d708zn91pjtj901yhqs9xi8/portrait.jpg,uploaded,https://xqooctihpvswvibnhsbj.supabase.co/storage/v1/object/public/photos/typeform-2024/tj901eqp6d708zn91pjtj901yhqs9xi8/portrait.jpg,
1,uw750l8nxkwp71qxoxbeuw7509iiderf,rear,Screenshot_20230504_064529_Gallery.jpg,uw750l8nxkwp71qxoxbeuw7509iiderf/0f7050cf2bed-Screenshot_20230504_064529_Gallery.jpg,4e1d718cfa5e640346014b035169c9d1afc4151d2cf29865eeab91b30c757875,1133254,image/jpeg,photos,typeform-2024/uw750l8nxkwp71qxoxbeuw7509iiderf/rear.jpg,uploaded,https://xqooctihpvswvibnhsbj.supabase.co/storage/v1/object/public/photos/typeform-2024/uw750l8nxkwp71qxoxbeuw7509iiderf/rear.jpg,
1,uw750l8nxkwp71qxoxbeuw7509iiderf,front,Screenshot_20230504_064442_Gallery.jpg,uw750l8nxkwp71qxoxbeuw7509iiderf/83fbc1a9bfa0-Screenshot_20230504_064442_Gallery.jpg,7d062b14838ee58e59eb175eccb2095dd548259b934e9bcb74e44055d9ef3f8a,616397,image/jpeg,photos,typeform-2024/uw750l8nxkwp71qxoxbeuw7509iiderf/front.jpg,uploaded,https://xqooctihpvswvibnhsbj.supabase.co/storage/v1/object/public/photos/typeform-2024/uw750l8nxkwp71qxoxbeuw7509iiderf/front.jpg,
1,uw750l8nxkwp71qxoxbeuw7509iiderf,cv,Walcot_s_CV.pdf,uw750l8nxkwp71qxoxbeuw7509iiderf/950f2c4ff589-Walcot_s_CV.pdf,df531decda89015f7b625c16b67b68159365fe3696ee5dac0c4e6e7061bd49cd,280533,application/pdf,cvs,typeform-2024/uw750l8nxkwp71qxoxbeuw7509iiderf/cv.pdf,uploaded,https://xqooctihpvswvibnhsbj.supabase.co/storage/v1/object/public/cvs/typeform-2024/uw750l8nxkwp71qxoxbeuw7509iiderf/cv.pdf,
1,uw750l8nxkwp71qxoxbeuw7509iiderf,portrait,Screenshot_20230504_064247_Gallery.jpg,uw750l8nxkwp71qxoxbeuw7509iiderf/ed44b36a00f3-Screenshot_20230504_064247_Gallery.jpg,19d3c6f98547394d463ae12b092abac939ca4c625b44c29fb1e8bee7f4ebd062,468722,image/jpeg,photos,typeform-2024/uw750l8nxkwp71qxoxbeuw7509iiderf/portrait.jpg,uploaded,https://xqooctihpvswvibnhsbj.supabase.co/storage/v1/object/public/photos/typeform-2024/uw750l8nxkwp71qxoxbeuw7509iiderf/portrait.jpg,
1,uxym6j2a4mgtvzxmguzuxym6j3uqe7qm,front,image.jpg,uxym6j2a4mgtvzxmguzuxym6j3uqe7qm/28743fde9fbe-imagefront.jpg,e228894f515b9c59076211dc528a2db3de66e90b0c05d0d7c750fe021aa9f7c0,2186452,image/jpeg,photos,typeform-2024/uxym6j2a4mgtvzxmguzuxym6j3uqe7qm/front.jpg,uploaded,https://xqooctihpvswvibnhsbj.supabase.co/storage/v1/object/public/photos/typeform-2024/uxym6j2a4mgtvzxmguzuxym6j3uqe7qm/front.jpg,"slot front read from the name, agrees with the export"
1,uxym6j2a4mgtvzxmguzuxym6j3uqe7qm,rear,image.jpg,uxym6j2a4mgtvzxmguzuxym6j3uqe7qm/a3636c364182-imagerear.jpg,dc4b6026e1e489ab07dbda2bffa0085bee7dd4be949db43f6daea613727037f5,2689985,image/jpeg,photos,typeform-2024/uxym6j2a4mgtvzxmguzuxym6j3uqe7qm/rear.jpg,uploaded,https://xqooctihpvswvibnhsbj.supabase.co/storage/v1/object/public/photos/typeform-2024/uxym6j2a4mgtvzxmguzuxym6j3uqe7qm/rear.jpg,"slot rear read from the name, agrees with the export"
1,uxym6j2a4mgtvzxmguzuxym6j3uqe7qm,portrait,image.jpg,uxym6j2a4mgtvzxmguzuxym6j3uqe7qm/abdd9baf4d20-imagepotrait.jpg,10d636d8239e6a76e406e047e23cbda5e3c7650009bc4eb0ca0b96da7d213cf9,2479349,image/jpeg,photos,typeform-2024/uxym6j2a4mgtvzxmguzuxym6j3uqe7qm/portrait.jpg,uploaded,https://xqooctihpvswvibnhsbj.supabase.co/storage/v1/object/public/photos/typeform-2024/uxym6j2a4mgtvzxmguzuxym6j3uqe7qm/portrait.jpg,"slot portrait read from the name, agrees with the export"
1,uxym6j2a4mgtvzxmguzuxym6j3uqe7qm,cv,Football_CV.pdf,uxym6j2a4mgtvzxmguzuxym6j3uqe7qm/be64b277852b-Football_CV.pdf,4cba0d3eec8706a107320ec4ff7acacf79ff96712f76debf0f6797ed911eb122,1432217,application/pdf,cvs,typeform-2024/uxym6j2a4mgtvzxmguzuxym6j3uqe7qm/cv.pdf,uploaded,https://xqooctihpvswvibnhsbj.supabase.co/storage/v1/object/public/cvs/typeform-2024/uxym6j2a4mgtvzxmguzuxym6j3uqe7qm/cv.pdf,
1,wo38qpjrqrx38q9wo38q7k15xe0b9zo8,front,Sam_3.jpg,wo38qpjrqrx38q9wo38q7k15xe0b9zo8/0b05fc1e96c6-Sam_3.jpg,ff47dec48efebd3394c71abffb4ac68237290f435d25ee461e0129a9ddcb50b6,127505,image/jpeg,photos,typeform-2024/wo38qpjrqrx38q9wo38q7k15xe0b9zo8/front.jpg,uploaded,https://xqooctihpvswvibnhsbj.supabase.co/storage/v1/object/public/photos/typeform-2024/wo38qpjrqrx38q9wo38q7k15xe0b9zo8/front.jpg,
1,wo38qpjrqrx38q9wo38q7k15xe0b9zo8,cv,CURRICULUM_VITAE_NICHOLAS_SAM.pdf,wo38qpjrqrx38q9wo38q7k15xe0b9zo8/3178c08a26ff-CURRICULUM_VITAE_NICHOLAS_SAM.pdf,6fc99e08ce0c5a628d6ff7e3c767075f2adacf673ff5a3b85ea9ec26dd35ec5e,135740,application/pdf,cvs,typeform-2024/wo38qpjrqrx38q9wo38q7k15xe0b9zo8/cv.pdf,uploaded,https://xqooctihpvswvibnhsbj.supabase.co/storage/v1/object/public/cvs/typeform-2024/wo38qpjrqrx38q9wo38q7k15xe0b9zo8/cv.pdf,
1,wo38qpjrqrx38q9wo38q7k15xe0b9zo8,portrait,Sam_2.jpg,wo38qpjrqrx38q9wo38q7k15xe0b9zo8/b30f02e55413-Sam_2.jpg,8d71bdd3be257b0a23e077e001c5b63a581dddd1b504114a3d0ddfda744d90d4,121183,image/jpeg,photos,typeform-2024/wo38qpjrqrx38q9wo38q7k15xe0b9zo8/portrait.jpg,uploaded,https://xqooctihpvswvibnhsbj.supabase.co/storage/v1/object/public/photos/typeform-2024/wo38qpjrqrx38q9wo38q7k15xe0b9zo8/portrait.jpg,
1,wo38qpjrqrx38q9wo38q7k15xe0b9zo8,rear,Sam.JPG,wo38qpjrqrx38q9wo38q7k15xe0b9zo8/fc73c21ba365-Sam.JPG,b7a0899e1a173dba329e3c57e7d2e8e606cefb73e2ea8875d175e120888d9c12,149748,image/jpeg,photos,typeform-2024/wo38qpjrqrx38q9wo38q7k15xe0b9zo8/rear.jpg,uploaded,https://xqooctihpvswvibnhsbj.supabase.co/storage/v1/object/public/photos/typeform-2024/wo38qpjrqrx38q9wo38q7k15xe0b9zo8/rear.jpg,
1,ybvfwaxqvt8a6s5py24pybvfwojam26z,portrait,IMG_20230422_WA0007.jpg,ybvfwaxqvt8a6s5py24pybvfwojam26z/356fcb22e5b0-IMG_20230422_WA0007.jpg,e4418e1dcefd1a4fe46cb10de20770b35db39d299627f7f6ce910606e2ce0f62,208853,image/jpeg,photos,typeform-2024/ybvfwaxqvt8a6s5py24pybvfwojam26z/portrait.jpg,uploaded,https://xqooctihpvswvibnhsbj.supabase.co/storage/v1/object/public/photos/typeform-2024/ybvfwaxqvt8a6s5py24pybvfwojam26z/portrait.jpg,"one file filling 2 slots: portrait, front (--relaxed)"
1,ybvfwaxqvt8a6s5py24pybvfwojam26z,front,IMG_20230422_WA0007.jpg,ybvfwaxqvt8a6s5py24pybvfwojam26z/356fcb22e5b0-IMG_20230422_WA0007.jpg,e4418e1dcefd1a4fe46cb10de20770b35db39d299627f7f6ce910606e2ce0f62,208853,image/jpeg,photos,typeform-2024/ybvfwaxqvt8a6s5py24pybvfwojam26z/front.jpg,uploaded,https://xqooctihpvswvibnhsbj.supabase.co/storage/v1/object/public/photos/typeform-2024/ybvfwaxqvt8a6s5py24pybvfwojam26z/front.jpg,"one file filling 2 slots: portrait, front (--relaxed); 2 identical copies dropped, one uploaded"
1,ybvfwaxqvt8a6s5py24pybvfwojam26z,rear,IMG_20230216_WA0016.jpg,ybvfwaxqvt8a6s5py24pybvfwojam26z/ba4c1b94d975-IMG_20230216_WA0016rear.jpg,d24174aecf2bb46892eeb02e530dc5ac9902a372fb2f39d7d4cf3a9e82e1a6ad,111951,image/jpeg,photos,typeform-2024/ybvfwaxqvt8a6s5py24pybvfwojam26z/rear.jpg,uploaded,https://xqooctihpvswvibnhsbj.supabase.co/storage/v1/object/public/photos/typeform-2024/ybvfwaxqvt8a6s5py24pybvfwojam26z/rear.jpg,"slot rear read from the name, agrees with the export"
1,ybvfwaxqvt8a6s5py24pybvfwojam26z,cv,CV__K._ASAMOAH.doc,ybvfwaxqvt8a6s5py24pybvfwojam26z/c7dfd58986d9-CV__K._ASAMOAH.doc,b053a9f514b4d6156705c481f68b0af235cfd8f0cbc668a9b2ed473d85d72b57,143360,application/msword,cvs,typeform-2024/ybvfwaxqvt8a6s5py24pybvfwojam26z/cv.doc,uploaded,https://xqooctihpvswvibnhsbj.supabase.co/storage/v1/object/public/cvs/typeform-2024/ybvfwaxqvt8a6s5py24pybvfwojam26z/cv.doc,
1,yq2hvl95heqbkvq1zr1kdpwofyq2hvl9,cv,Screenshot_20230501_124042.png,yq2hvl95heqbkvq1zr1kdpwofyq2hvl9/072b6dff739c-Screenshot_20230501_124042.png,698daf3bda74d727774af475f7d28a6f72987d75aab37fba5312d4c00f7eaf7c,512695,image/png,photos,typeform-2024/yq2hvl95heqbkvq1zr1kdpwofyq2hvl9/cv.png,uploaded,https://xqooctihpvswvibnhsbj.supabase.co/storage/v1/object/public/photos/typeform-2024/yq2hvl95heqbkvq1zr1kdpwofyq2hvl9/cv.png,"non-document in CV slot, routed to photos bucket"
1,yq2hvl95heqbkvq1zr1kdpwofyq2hvl9,rear,Snapchat_1826900760.jpg,yq2hvl95heqbkvq1zr1kdpwofyq2hvl9/172410afe334-Snapchat_1826900760.jpg,481c3a27963994d2f078647a936ee713e8b3593f8542784643e85191df6d7980,170301,image/jpeg,photos,typeform-2024/yq2hvl95heqbkvq1zr1kdpwofyq2hvl9/rear.jpg,uploaded,https://xqooctihpvswvibnhsbj.supabase.co/storage/v1/object/public/photos/typeform-2024/yq2hvl95heqbkvq1zr1kdpwofyq2hvl9/rear.jpg,
1,yq2hvl95heqbkvq1zr1kdpwofyq2hvl9,portrait,Screenshot_20201231_091009.jpg,yq2hvl95heqbkvq1zr1kdpwofyq2hvl9/c9814fb7e0bd-Screenshot_20201231_091009.jpg,46e0765124979586cb47af13cbd9bd1e0e6f62fe428e47b521a615183365db9b,472301,image/jpeg,photos,typeform-2024/yq2hvl95heqbkvq1zr1kdpwofyq2hvl9/portrait.jpg,uploaded,https://xqooctihpvswvibnhsbj.supabase.co/storage/v1/object/public/photos/typeform-2024/yq2hvl95heqbkvq1zr1kdpwofyq2hvl9/portrait.jpg,
1,yq2hvl95heqbkvq1zr1kdpwofyq2hvl9,front,Screenshot_20210511_043844.jpg,yq2hvl95heqbkvq1zr1kdpwofyq2hvl9/db5305a40b5d-Screenshot_20210511_043844.jpg,de4972f64eff01ce42b178428c476775ef7c4468e48016e219dbde27790464cb,657102,image/jpeg,photos,typeform-2024/yq2hvl95heqbkvq1zr1kdpwofyq2hvl9/front.jpg,uploaded,https://xqooctihpvswvibnhsbj.supabase.co/storage/v1/object/public/photos/typeform-2024/yq2hvl95heqbkvq1zr1kdpwofyq2hvl9/front.jpg,
1,yt49qf7ri308ehem0myto6kpe76bva43,rear,E612F412_9344_4A7C_BB42_FA8AA7BD96FD.jpeg,yt49qf7ri308ehem0myto6kpe76bva43/52aaff1e6a20-E612F412_9344_4A7C_BB42_FA8AA7BD96FD.jpeg,3a4a7c00643f1a2a3643f8c7f1d6e57217f4656b469c111bbf59c82591309400,142066,image/jpeg,photos,typeform-2024/yt49qf7ri308ehem0myto6kpe76bva43/rear.jpeg,uploaded,https://xqooctihpvswvibnhsbj.supabase.co/storage/v1/object/public/photos/typeform-2024/yt49qf7ri308ehem0myto6kpe76bva43/rear.jpeg,
1,yt49qf7ri308ehem0myto6kpe76bva43,portrait,9F525CFB_5062_42A0_A085_9BD3E95A2499.jpeg,yt49qf7ri308ehem0myto6kpe76bva43/59371d416c4f-9F525CFB_5062_42A0_A085_9BD3E95A2499.jpeg,ed4d7885c893b3a38e7535cfe69c8c01f53801ee4e1c7864ea1ef7579d48dd60,65997,image/jpeg,photos,typeform-2024/yt49qf7ri308ehem0myto6kpe76bva43/portrait.jpeg,uploaded,https://xqooctihpvswvibnhsbj.supabase.co/storage/v1/object/public/photos/typeform-2024/yt49qf7ri308ehem0myto6kpe76bva43/portrait.jpeg,
1,yt49qf7ri308ehem0myto6kpe76bva43,cv,5985A735_8CB0_4B77_8432_F5AC2B4BA84A.jpeg,yt49qf7ri308ehem0myto6kpe76bva43/8677f42680fe-5985A735_8CB0_4B77_8432_F5AC2B4BA84A.jpeg,bd9f34d4cbdb48cd07e27b30ffd184c2613d3a7b4dfc5ab7b1eea8aa5c1a296e,145466,image/jpeg,photos,typeform-2024/yt49qf7ri308ehem0myto6kpe76bva43/cv.jpeg,uploaded,https://xqooctihpvswvibnhsbj.supabase.co/storage/v1/object/public/photos/typeform-2024/yt49qf7ri308ehem0myto6kpe76bva43/cv.jpeg,"non-document in CV slot, routed to photos bucket"
1,yt49qf7ri308ehem0myto6kpe76bva43,front,C28A6E23_AEEA_4E63_A2E2_B13DC8EECDDC.jpeg,yt49qf7ri308ehem0myto6kpe76bva43/f19b90a6293d-C28A6E23_AEEA_4E63_A2E2_B13DC8EECDDC.jpeg,21eef5c27460e538274dde6ffc81b89f6c876cd9597fa315ca2e6b29d561d9fa,70182,image/jpeg,photos,typeform-2024/yt49qf7ri308ehem0myto6kpe76bva43/front.jpeg,uploaded,https://xqooctihpvswvibnhsbj.supabase.co/storage/v1/object/public/photos/typeform-2024/yt49qf7ri308ehem0myto6kpe76bva43/front.jpeg,
1,z8hjtmkt2xdbyukk5z8hjtmkmd6zd1rh,front,IMG_20230422_WA0009.jpg,z8hjtmkt2xdbyukk5z8hjtmkmd6zd1rh/08f2f8cf4c47-IMG_20230422_WA0009.jpg,d415aa1fcdb82bcd2ca4b0c81ef007245cf6b0e3852d1f713e0f88932521dea1,178955,image/jpeg,photos,typeform-2024/z8hjtmkt2xdbyukk5z8hjtmkmd6zd1rh/front.jpg,uploaded,https://xqooctihpvswvibnhsbj.supabase.co/storage/v1/object/public/photos/typeform-2024/z8hjtmkt2xdbyukk5z8hjtmkmd6zd1rh/front.jpg,
1,z8hjtmkt2xdbyukk5z8hjtmkmd6zd1rh,portrait,IMG_20230422_WA0007.jpg,z8hjtmkt2xdbyukk5z8hjtmkmd6zd1rh/3c5e23a14f2c-IMG_20230422_WA0007.jpg,e4418e1dcefd1a4fe46cb10de20770b35db39d299627f7f6ce910606e2ce0f62,208853,image/jpeg,photos,typeform-2024/z8hjtmkt2xdbyukk5z8hjtmkmd6zd1rh/portrait.jpg,uploaded,https://xqooctihpvswvibnhsbj.supabase.co/storage/v1/object/public/photos/typeform-2024/z8hjtmkt2xdbyukk5z8hjtmkmd6zd1rh/portrait.jpg,
1,z8hjtmkt2xdbyukk5z8hjtmkmd6zd1rh,cv,CV__K._ASAMOAH.doc,z8hjtmkt2xdbyukk5z8hjtmkmd6zd1rh/3c927989d3b5-CV__K._ASAMOAH.doc,b053a9f514b4d6156705c481f68b0af235cfd8f0cbc668a9b2ed473d85d72b57,143360,application/msword,cvs,typeform-2024/z8hjtmkt2xdbyukk5z8hjtmkmd6zd1rh/cv.doc,uploaded,https://xqooctihpvswvibnhsbj.supabase.co/storage/v1/object/public/cvs/typeform-2024/z8hjtmkt2xdbyukk5z8hjtmkmd6zd1rh/cv.doc,
1,z8hjtmkt2xdbyukk5z8hjtmkmd6zd1rh,rear,IMG_20230216_WA0016.jpg,z8hjtmkt2xdbyukk5z8hjtmkmd6zd1rh/de353221101f-IMG_20230216_WA0016.jpg,d24174aecf2bb46892eeb02e530dc5ac9902a372fb2f39d7d4cf3a9e82e1a6ad,111951,image/jpeg,photos,typeform-2024/z8hjtmkt2xdbyukk5z8hjtmkmd6zd1rh/rear.jpg,uploaded,https://xqooctihpvswvibnhsbj.supabase.co/storage/v1/object/public/photos/typeform-2024/z8hjtmkt2xdbyukk5z8hjtmkmd6zd1rh/rear.jpg,
1,zcs14yt8t1g9mf99zcsckij5y582jjun,cv,60D008A1_7E18_4184_90AF_6FD16207E664.jpeg,zcs14yt8t1g9mf99zcsckij5y582jjun/351fe1404e1f-60D008A1_7E18_4184_90AF_6FD16207E664.jpeg,b8c71c3ccb3f2ab4a8d6d3db73677b0c3b7941c5058d156a1a2bd70a4a3dc2b4,1927125,image/jpeg,photos,typeform-2024/zcs14yt8t1g9mf99zcsckij5y582jjun/cv.jpeg,uploaded,https://xqooctihpvswvibnhsbj.supabase.co/storage/v1/object/public/photos/typeform-2024/zcs14yt8t1g9mf99zcsckij5y582jjun/cv.jpeg,"non-document in CV slot, routed to photos bucket"
1,zcs14yt8t1g9mf99zcsckij5y582jjun,front,E2552D47_B33B_4FB7_8B55_14E5EED33327.jpeg,zcs14yt8t1g9mf99zcsckij5y582jjun/96cfcffbe327-E2552D47_B33B_4FB7_8B55_14E5EED33327.jpeg,b1aedbafa988fa6da8f4af20f2365a4a6bb65ec1299f5db0173174b75210ca04,2184911,image/jpeg,photos,typeform-2024/zcs14yt8t1g9mf99zcsckij5y582jjun/front.jpeg,uploaded,https://xqooctihpvswvibnhsbj.supabase.co/storage/v1/object/public/photos/typeform-2024/zcs14yt8t1g9mf99zcsckij5y582jjun/front.jpeg,
1,zcs14yt8t1g9mf99zcsckij5y582jjun,portrait,75D88B81_0CCB_44C5_B406_24D54611C803.jpeg,zcs14yt8t1g9mf99zcsckij5y582jjun/98378401ec57-75D88B81_0CCB_44C5_B406_24D54611C803.jpeg,c87d38cf9f6576d15a417232e55e47e323b77202e96d6cc7cc48f50ac1c382c1,133490,image/jpeg,photos,typeform-2024/zcs14yt8t1g9mf99zcsckij5y582jjun/portrait.jpeg,uploaded,https://xqooctihpvswvibnhsbj.supabase.co/storage/v1/object/public/photos/typeform-2024/zcs14yt8t1g9mf99zcsckij5y582jjun/portrait.jpeg,
1,zcs14yt8t1g9mf99zcsckij5y582jjun,rear,D362A8E6_79AE_4225_B4C5_3749B32F992B.jpeg,zcs14yt8t1g9mf99zcsckij5y582jjun/acec0d0dad8b-D362A8E6_79AE_4225_B4C5_3749B32F992B.jpeg,895435878f40ea723cc444b76f00e25016f77937c8523af27ee3c257f08bea8a,5202759,image/jpeg,photos,typeform-2024/zcs14yt8t1g9mf99zcsckij5y582jjun/rear.jpeg,uploaded,https://xqooctihpvswvibnhsbj.supabase.co/storage/v1/object/public/photos/typeform-2024/zcs14yt8t1g9mf99zcsckij5y582jjun/rear.jpeg,
1,zfiwu1xgxzy4ecvhzfiwu1j9gtzwciqw,front,IMG_20231125_143111_302_3.jpg,zfiwu1xgxzy4ecvhzfiwu1j9gtzwciqw/0bd143546c6e-IMG_20231125_143111_302_3.jpg,b2e0d28ae00d55db9dfc58bc287370caba5d96bdba7edff8a08b13e488258193,1164226,image/jpeg,photos,typeform-2024/zfiwu1xgxzy4ecvhzfiwu1j9gtzwciqw/front.jpg,uploaded,https://xqooctihpvswvibnhsbj.supabase.co/storage/v1/object/public/photos/typeform-2024/zfiwu1xgxzy4ecvhzfiwu1j9gtzwciqw/front.jpg,
1,zfiwu1xgxzy4ecvhzfiwu1j9gtzwciqw,rear,IMG_20240215_202152_601_2.jpg,zfiwu1xgxzy4ecvhzfiwu1j9gtzwciqw/5cd14d695457-IMG_20240215_202152_601_2.jpg,a44d0cee1480ee93d59801a08d16bbe89a851e8a3b34af630705a0637513e81c,3644057,image/jpeg,photos,typeform-2024/zfiwu1xgxzy4ecvhzfiwu1j9gtzwciqw/rear.jpg,uploaded,https://xqooctihpvswvibnhsbj.supabase.co/storage/v1/object/public/photos/typeform-2024/zfiwu1xgxzy4ecvhzfiwu1j9gtzwciqw/rear.jpg,
1,zfiwu1xgxzy4ecvhzfiwu1j9gtzwciqw,portrait,IMG_20231025_194945_15_3.jpg,zfiwu1xgxzy4ecvhzfiwu1j9gtzwciqw/fada23b27e0e-IMG_20231025_194945_15_3.jpg,9c35433f6896b5e7feb151cdf95fcb631b9b5841881ef42626e0bc8a057e242d,147884,image/jpeg,photos,typeform-2024/zfiwu1xgxzy4ecvhzfiwu1j9gtzwciqw/portrait.jpg,uploaded,https://xqooctihpvswvibnhsbj.supabase.co/storage/v1/object/public/photos/typeform-2024/zfiwu1xgxzy4ecvhzfiwu1j9gtzwciqw/portrait.jpg,
1,zfiwu1xgxzy4ecvhzfiwu1j9gtzwciqw,cv,NYARKO_CV.pdf,zfiwu1xgxzy4ecvhzfiwu1j9gtzwciqw/fb2029613ef5-NYARKO_CV.pdf,ce7749f91e05f97a388da0de6eb2d9793ac224d54a3f5997a58c5d6fcc7a515f,461236,application/pdf,cvs,typeform-2024/zfiwu1xgxzy4ecvhzfiwu1j9gtzwciqw/cv.pdf,uploaded,https://xqooctihpvswvibnhsbj.supabase.co/storage/v1/object/public/cvs/typeform-2024/zfiwu1xgxzy4ecvhzfiwu1j9gtzwciqw/cv.pdf,
1,zjpftxeix3oz2ecemzjpfir99ngcouj2,portrait,8873E04D_8C70_4C05_9B94_583088060E4B.jpeg,zjpftxeix3oz2ecemzjpfir99ngcouj2/20782fa68db0-8873E04D_8C70_4C05_9B94_583088060E4B.jpeg,7d32dba99ec17da0fca655a79fd3b5f996128218e2a5cc89d7e8985b6636247f,79038,image/jpeg,photos,typeform-2024/zjpftxeix3oz2ecemzjpfir99ngcouj2/portrait.jpeg,uploaded,https://xqooctihpvswvibnhsbj.supabase.co/storage/v1/object/public/photos/typeform-2024/zjpftxeix3oz2ecemzjpfir99ngcouj2/portrait.jpeg,
1,zjpftxeix3oz2ecemzjpfir99ngcouj2,rear,5E8001C1_7370_4A38_AEF1_BA704C37D6C3.jpeg,zjpftxeix3oz2ecemzjpfir99ngcouj2/73650a503ecc-5E8001C1_7370_4A38_AEF1_BA704C37D6C3.jpeg,e583a6ba69a6e313234441e663f6fe0e88e623effa94ce94900c5fd0f3e83f0a,298936,image/jpeg,photos,typeform-2024/zjpftxeix3oz2ecemzjpfir99ngcouj2/rear.jpeg,uploaded,https://xqooctihpvswvibnhsbj.supabase.co/storage/v1/object/public/photos/typeform-2024/zjpftxeix3oz2ecemzjpfir99ngcouj2/rear.jpeg,
1,zjpftxeix3oz2ecemzjpfir99ngcouj2,cv,1058C31F_11D5_4915_B2DA_9D17216A5633.jpeg,zjpftxeix3oz2ecemzjpfir99ngcouj2/aa2cbb4923db-1058C31F_11D5_4915_B2DA_9D17216A5633.jpeg,db689d7ae2d25f2624c7c3dabb716e75287aa1e6b50a7bee03bd525a3283f587,129853,image/jpeg,photos,typeform-2024/zjpftxeix3oz2ecemzjpfir99ngcouj2/cv.jpeg,uploaded,https://xqooctihpvswvibnhsbj.supabase.co/storage/v1/object/public/photos/typeform-2024/zjpftxeix3oz2ecemzjpfir99ngcouj2/cv.jpeg,"non-document in CV slot, routed to photos bucket"
1,zjpftxeix3oz2ecemzjpfir99ngcouj2,front,DB2BC804_F713_4483_BB70_92CF900E828E.jpeg,zjpftxeix3oz2ecemzjpfir99ngcouj2/e90301f15ced-DB2BC804_F713_4483_BB70_92CF900E828E.jpeg,ec72e79740a764aa37f0881d473150865281497d2f0145813467ae9b34fe35f6,1042171,image/jpeg,photos,typeform-2024/zjpftxeix3oz2ecemzjpfir99ngcouj2/front.jpeg,uploaded,https://xqooctihpvswvibnhsbj.supabase.co/storage/v1/object/public/photos/typeform-2024/zjpftxeix3oz2ecemzjpfir99ngcouj2/front.jpeg,
